AAPL,MSFT,IBM,WAB,AMZN,V,UNH,NVDA,AMD,JPM,COP,MS,KO,META,NFLX,NKE,Date
185.49127197265625,366.9158935546875,144.954345703125,111.91988372802734,143.55999755859375,243.8523406982422,533.0922241210938,48.320377349853516,118.58999633789062,143.8912811279297,111.89620971679688,72.68255615234375,55.01837921142578,327.7830810546875,447.239990234375,104.50113677978516,2023-11-10
183.89907836914062,363.9482116699219,144.0594482421875,112.50668334960938,142.58999633789062,243.27565002441406,534.4318237304688,48.60529327392578,116.79000091552734,143.2525634765625,112.21722412109375,72.40274810791016,55.22208023071289,328.2018127441406,444.6199951171875,102.62010192871094,2023-11-13
186.52621459960938,367.5114440917969,146.30642700195312,115.08651733398438,145.8000030517578,245.53271484375,532.3534545898438,49.6409797668457,119.87999725341797,145.86643981933594,112.39232635498047,75.55781555175781,55.38697814941406,335.30047607421875,448.6499938964844,104.14659881591797,2023-11-14
187.0934295654297,367.6606140136719,148.417236328125,114.42910766601562,143.1999969482422,246.69602966308594,530.3341674804688,48.87321472167969,118.0,147.14390563964844,111.8962173461914,76.87967681884766,55.493675231933594,331.71124267578125,461.94000244140625,106.18521118164062,2023-11-15
188.78512573242188,374.1253356933594,148.88412475585938,114.29962158203125,142.8300018310547,247.15341186523438,531.7230224609375,49.46503829956055,119.83000183105469,148.8242645263672,108.93903350830078,76.8603744506836,55.43547821044922,333.18682861328125,466.95001220703125,105.97840118408203,2023-11-16
188.76524353027344,367.83966064453125,148.71876525878906,115.056640625,145.17999267578125,248.13778686523438,528.2459716796875,49.2830924987793,120.62000274658203,150.17051696777344,111.46820068359375,77.45858764648438,55.54217529296875,334.0343017578125,465.9100036621094,104.35340881347656,2023-11-17
190.5166473388672,375.3883972167969,150.13894653320312,115.16621398925781,146.1300048828125,248.54544067382812,527.0737915039062,50.39375305175781,121.52999877929688,150.63235473632812,112.24640655517578,76.89897918701172,55.677982330322266,338.9494934082031,474.4700012207031,104.70795440673828,2023-11-20
189.71058654785156,371.04217529296875,149.7109375,115.59452056884766,143.89999389648438,250.7925567626953,531.4965209960938,49.92889404296875,119.16000366210938,150.3179168701172,112.03239440917969,75.71220397949219,56.28907775878906,335.96844482421875,474.95001220703125,104.9344711303711,2023-11-21
190.37733459472656,375.7961730957031,150.8976593017578,115.8534927368164,146.7100067138672,252.27406311035156,535.6039428710938,48.701263427734375,122.51000213623047,150.67166137695312,111.72111511230469,75.73149871826172,56.66737365722656,340.4648742675781,478.0,106.28369903564453,2023-11-22
189.0438690185547,375.37841796875,150.94627380371094,116.60054779052734,146.74000549316406,252.8507843017578,538.8938598632812,47.76155090332031,122.30999755859375,150.8780059814453,112.34368133544922,75.88587951660156,56.8128776550293,337.2146911621094,479.55999755859375,106.0079345703125,2023-11-24
188.86473083496094,376.552001953125,151.32566833496094,116.27185821533203,147.72999572753906,252.69166564941406,535.4365234375,48.2274055480957,122.6500015258789,150.5341033935547,111.67249298095703,75.2104721069336,56.7061767578125,333.6952819824219,479.1700134277344,106.32308197021484,2023-11-27
189.4717559814453,380.6197814941406,151.40345764160156,114.63829040527344,147.02999877929688,251.49850463867188,532.42236328125,47.80653381347656,122.01000213623047,150.8780059814453,111.84757995605469,74.17807006835938,56.82258224487305,337.972412109375,479.0,107.10110473632812,2023-11-28
188.44679260253906,376.7907409667969,152.14273071289062,114.74786376953125,146.32000732421875,252.78115844726562,526.9556274414062,48.12544250488281,123.8499984741211,151.64450073242188,110.86510467529297,75.78939819335938,56.48308181762695,331.2027893066406,477.19000244140625,108.69654846191406,2023-11-29
189.02395629882812,376.85040283203125,154.23406982421875,116.1025161743164,146.08999633789062,255.2172088623047,544.67578125,46.75585174560547,121.16000366210938,153.37399291992188,112.4215087890625,76.5516128540039,57.138153076171875,326.1679382324219,473.9700012207031,108.59806060791016,2023-11-30
190.30767822265625,372.4743347167969,156.16978454589844,119.64855194091797,147.02999877929688,254.98854064941406,540.7915649414062,46.750850677490234,121.38999938964844,154.12081909179688,112.09077453613281,78.0471420288086,57.33369827270508,323.844970703125,465.739990234375,112.13565063476562,2023-12-01
188.50648498535156,367.1335144042969,156.70477294921875,119.47921752929688,144.83999633789062,252.98997497558594,541.8984985351562,45.49623107910156,118.56999969482422,155.25088500976562,111.40984344482422,78.35590362548828,57.265254974365234,319.0593566894531,453.8999938964844,113.7858657836914,2023-12-04
192.47703552246094,370.4951171875,156.98687744140625,118.39348602294922,146.8800048828125,253.15899658203125,543.85546875,46.556007385253906,118.37999725341797,155.23121643066406,110.05770874023438,77.35244750976562,57.35325241088867,317.3345642089844,455.1499938964844,114.04279327392578,2023-12-05
191.3824005126953,366.7953796386719,155.90713500976562,117.82572937011719,144.52000427246094,252.8408203125,543.134033203125,45.49323654174805,116.81999969482422,153.60000610351562,107.50907897949219,76.61917114257812,57.29458999633789,316.4970703125,446.7300109863281,114.73450469970703,2023-12-06
193.32290649414062,368.9336853027344,155.84878540039062,118.39348602294922,146.8800048828125,254.36212158203125,541.888671875,46.586002349853516,128.3699951171875,154.07168579101562,107.8301010131836,77.526123046875,57.43147659301758,325.6095886230469,452.0,113.44989013671875,2023-12-07
194.75587463378906,372.19586181640625,157.54132080078125,117.935302734375,147.4199981689453,254.2825469970703,543.3712158203125,47.49580764770508,128.9199981689453,155.77169799804688,109.01685333251953,79.3883056640625,57.30436706542969,331.7511291503906,453.760009765625,114.536865234375,2023-12-08
192.2382049560547,369.2817687988281,159.04901123046875,118.7321548461914,145.88999938964844,255.05810546875,537.3521118164062,46.61699676513672,134.41000366210938,156.34164428710938,109.10440826416016,79.90931701660156,57.724788665771484,324.3035583496094,459.8900146484375,117.20487976074219,2023-12-11
193.76077270507812,372.34503173828125,160.21629333496094,119.42941284179688,147.47999572753906,258.080810546875,539.3682861328125,47.64677429199219,137.61000061035156,157.7370147705078,108.03437805175781,80.66191101074219,58.09632110595703,333.21673583984375,463.0,118.2226791381836,2023-12-12
196.99493408203125,372.3350524902344,159.156005859375,121.05300903320312,148.83999633789062,260.88470458984375,542.6199951171875,48.07768630981445,138.19000244140625,158.2676544189453,108.80284881591797,82.62055969238281,58.59496307373047,333.73516845703125,479.9800109863281,119.73454284667969,2023-12-13
197.14418029785156,363.9409484863281,158.4654083251953,121.32195281982422,147.4199981689453,257.25555419921875,528.0219116210938,48.33962631225586,138.0,161.14686584472656,111.81839752197266,87.84043884277344,57.724788665771484,332.1698913574219,469.8299865722656,119.58633422851562,2023-12-14
196.6068115234375,368.7148742675781,157.80393981933594,121.6008529663086,149.97000122070312,256.55950927734375,524.938232421875,48.87950897216797,139.14999389648438,162.36534118652344,111.41956329345703,88.36145782470703,57.29458999633789,333.9146423339844,472.05999755859375,120.11004638671875,2023-12-15
194.93499755859375,370.6243896484375,158.30001831054688,122.18853759765625,154.07000732421875,256.8975830078125,520.42138671875,50.066253662109375,138.89999389648438,163.34800720214844,111.76976013183594,87.57027435302734,57.70523452758789,343.5854797363281,486.1199951171875,119.70491027832031,2023-12-18
195.9799041748047,371.2311096191406,157.1522216796875,125.3759765625,153.7899932861328,258.5083312988281,517.9406127929688,49.59335708618164,140.14999389648438,165.52952575683594,113.31644439697266,88.68949890136719,57.51946258544922,349.3082275390625,495.0199890136719,121.18714141845703,2023-12-19
193.88018798828125,368.60546875,155.6834259033203,124.41974639892578,152.1199951171875,255.6447296142578,509.9250183105469,48.10067367553711,135.47000122070312,163.6624755859375,113.51099395751953,87.9369125366211,56.32664108276367,348.2315368652344,489.2699890136719,119.99147033691406,2023-12-20
193.7308807373047,371.50958251953125,156.3935089111328,125.9736328125,153.83999633789062,258.0609130859375,513.8290405273438,48.9794921875,139.91000366210938,164.5959930419922,113.64718627929688,89.37454986572266,56.698177337646484,353.0270690917969,491.6099853515625,121.07844543457031,2023-12-21
192.6561737060547,372.5439453125,157.71640014648438,126.11307525634766,153.4199981689453,256.95721435546875,514.2540283203125,48.81952667236328,139.60000610351562,164.4977264404297,114.45457458496094,89.16229248046875,57.02082824707031,352.32916259765625,486.760009765625,106.76010131835938,2023-12-22
192.10885620117188,372.6235046386719,158.75721740722656,126.40193939208984,153.41000366210938,257.6830749511719,513.9774169921875,49.26842498779297,143.41000366210938,165.47056579589844,115.77751159667969,89.5771713256836,57.2554817199707,353.76483154296875,491.19000244140625,106.74032592773438,2023-12-26
192.2083740234375,372.0367126464844,159.00039672851562,126.6409912109375,153.33999633789062,257.4543762207031,516.7052001953125,49.406394958496094,146.07000732421875,166.4630584716797,115.26195526123047,90.36836242675781,57.402137756347656,356.755859375,491.7900085449219,105.86087036132812,2023-12-27
192.6362762451172,373.2401123046875,159.28248596191406,126.46170043945312,153.3800048828125,258.916015625,518.7907104492188,49.511375427246094,148.75999450683594,167.34747314453125,113.326171875,90.34906005859375,57.44124984741211,357.244384765625,490.510009765625,107.5308609008789,2023-12-28
191.5913848876953,373.9959716796875,159.0879364013672,126.40193939208984,151.94000244140625,258.8663024902344,520.3423461914062,49.511375427246094,147.41000366210938,167.1509246826172,112.90789031982422,89.9727554321289,57.61723709106445,352.8974914550781,486.8800048828125,107.28382110595703,2023-12-29
184.7349853515625,368.8540954589844,157.09385681152344,125.3958969116211,149.92999267578125,257.39471435546875,533.0626220703125,48.15766525268555,138.5800018310547,169.0966033935547,114.38646697998047,90.59991455078125,58.48741149902344,345.2505187988281,468.5,105.28775787353516,2024-01-02
183.35174560546875,368.5855712890625,155.73207092285156,124.1906509399414,148.47000122070312,256.5097961425781,535.7212524414062,47.55879211425781,135.32000732421875,168.35960388183594,116.6627197265625,88.67985534667969,58.62429428100586,343.43597412109375,470.260009765625,102.80748748779297,2024-01-03
181.02316284179688,365.94000244140625,156.47132873535156,123.50335693359375,144.57000732421875,258.1304626464844,539.07177734375,47.98770523071289,136.00999450683594,169.4768524169922,113.30671691894531,88.91142272949219,58.42874526977539,346.0780029296875,474.6700134277344,101.08809661865234,2024-01-04
180.29672241210938,365.75103759765625,154.81771850585938,124.99746704101562,145.24000549316406,258.2100524902344,531.1253662109375,49.086463928222656,138.5800018310547,170.3271484375,113.35535430908203,89.9631118774414,58.34074783325195,350.89349365234375,474.05999755859375,100.8707046508789,2024-01-05
184.65536499023438,372.6533508300781,156.74368286132812,125.91386413574219,149.10000610351562,261.0438232421875,530.275390625,52.24178695678711,146.17999267578125,170.07998657226562,111.38066101074219,90.22362518310547,58.77095031738281,357.5833740234375,485.0299987792969,102.3924560546875,2024-01-08
184.23741149902344,373.74737548828125,155.71261596679688,125.7544937133789,151.3699951171875,261.82928466796875,532.1038208007812,53.12860107421875,149.25999450683594,168.73532104492188,109.68804931640625,88.8245849609375,58.66340637207031,356.3570251464844,482.0899963378906,101.52288818359375,2024-01-09
185.2823028564453,380.68939208984375,156.8312225341797,125.74452209472656,153.72999572753906,263.05230712890625,531.3823852539062,54.33833694458008,148.5399932861328,169.0912628173828,108.1511001586914,88.26496887207031,58.85894775390625,369.3578796386719,478.3299865722656,102.54067993164062,2024-01-10
184.68521118164062,382.5393371582031,157.73585510253906,126.4915771484375,155.17999267578125,262.52532958984375,533.3986206054688,54.810237884521484,148.02000427246094,168.37937927246094,107.97600555419922,87.32905578613281,58.47763442993164,368.560302734375,492.2300109863281,104.64544677734375,2024-01-11
185.0135955810547,386.3584289550781,161.27655029296875,127.51754760742188,154.6199951171875,262.66448974609375,515.4401245117188,54.69825744628906,146.55999755859375,167.14346313476562,108.65693664550781,86.54752349853516,59.04471206665039,373.3658447265625,492.1600036621094,103.81539154052734,2024-01-12
182.73477172851562,388.14862060546875,162.4049072265625,127.65699768066406,153.16000366210938,263.7284240722656,513.1076049804688,56.369903564453125,158.74000549316406,166.09542846679688,105.6802978515625,82.94861602783203,58.65362548828125,366.35693359375,481.239990234375,100.51496887207031,2024-01-16
181.78939819335938,387.3529968261719,161.54891967773438,125.32617950439453,151.7100067138672,265.11053466796875,518.8302001953125,56.04097366333008,160.1699981689453,165.20556640625,104.63945007324219,81.44344329833984,58.65362548828125,367.26422119140625,480.3299865722656,99.62562561035156,2024-01-17
187.7104034423828,391.72906494140625,162.28817749023438,126.24256134033203,153.5,266.6119079589844,510.3302917480469,57.094749450683594,162.6699981689453,165.5318603515625,104.01689147949219,80.95136260986328,58.8198356628418,375.00091552734375,485.30999755859375,99.74420928955078,2024-01-18
190.62612915039062,396.50299072265625,166.8015594482422,127.50757598876953,155.33999633789062,269.3561706542969,497.6990051269531,59.47823715209961,174.22999572753906,168.38925170898438,104.93128204345703,82.34075164794922,58.497188568115234,382.2989501953125,482.95001220703125,100.57425689697266,2024-01-19
192.9447479248047,394.3547668457031,168.11474609375,128.07534790039062,154.77999877929688,269.65447998046875,507.0192565917969,59.64120101928711,168.17999267578125,168.19151306152344,105.11609649658203,82.71705627441406,58.24298095703125,380.6339416503906,485.7099914550781,99.36870574951172,2024-01-22
194.22845458984375,396.7317199707031,169.19447326660156,128.52357482910156,156.02000427246094,269.714111328125,509.51983642578125,59.86015701293945,168.4199981689453,167.0841522216797,105.04801177978516,83.6915512084961,58.51674270629883,384.043701171875,492.19000244140625,100.69284057617188,2024-01-23
193.55177307128906,400.3718566894531,169.18472290039062,128.9917449951172,156.8699951171875,270.1018981933594,507.2564697265625,61.34883499145508,178.2899932861328,168.57711791992188,106.68224334716797,84.49237823486328,57.59768295288086,389.5271911621094,544.8699951171875,99.56634521484375,2024-01-24
193.22340393066406,402.6692810058594,185.2345733642578,129.31048583984375,157.75,271.0564270019531,487.6572570800781,61.60377502441406,180.3300018310547,170.98959350585938,108.99740600585938,84.92656707763672,57.84211730957031,391.9997253417969,562.0,99.57621765136719,2024-01-25
191.48191833496094,401.7344055175781,182.3066864013672,129.4698486328125,159.1199951171875,266.41302490234375,497.3432312011719,61.017906188964844,177.25,170.33705139160156,109.17250061035156,84.64676666259766,58.04743576049805,392.9568786621094,570.4199829101562,101.53276824951172,2024-01-26
190.7952880859375,407.492919921875,182.0343475341797,130.68505859375,161.25999450683594,272.1004333496094,498.6676330566406,62.451595306396484,177.8300018310547,170.78196716308594,108.55966186523438,84.54063415527344,58.3994140625,399.816162109375,575.7899780273438,102.64937591552734,2024-01-29
187.12326049804688,406.3690490722656,182.74441528320312,132.16920471191406,159.0,275.5705261230469,497.7484130859375,62.760528564453125,172.05999755859375,174.2820587158203,110.94290924072266,85.3687973022461,58.56563186645508,398.8591003417969,562.8499755859375,102.9458236694336,2024-01-30
183.5010223388672,395.4189147949219,178.64927673339844,131.05361938476562,155.1999969482422,271.7027282714844,505.7838134765625,61.513797760009766,167.69000244140625,172.39358520507812,108.82231140136719,84.99854278564453,58.16476821899414,388.9689025878906,564.1099853515625,100.32722473144531,2024-01-31
185.94903564453125,401.5852355957031,181.80087280273438,132.87643432617188,159.27999877929688,275.4710998535156,501.23736572265625,63.01347732543945,170.47999572753906,171.77069091796875,108.34565734863281,84.58934020996094,59.6215705871582,393.5949401855469,567.510009765625,100.55449676513672,2024-02-01
184.94395446777344,408.9847717285156,180.72116088867188,133.7330322265625,171.80999755859375,275.600341796875,504.2913818359375,66.14580535888672,177.66000366210938,172.75941467285156,107.61608123779297,85.02777099609375,59.19137191772461,473.56414794921875,564.6400146484375,99.51692962646484,2024-02-02
186.76502990722656,403.4450378417969,178.41583251953125,133.3744659423828,170.30999755859375,274.0094909667969,497.1059875488281,69.31713104248047,174.22999572753906,172.53201293945312,106.97406768798828,83.6832275390625,58.702510833740234,458.0309143066406,562.0599975585938,98.49913787841797,2024-02-05
188.37713623046875,403.285888671875,178.40609741210938,134.21116638183594,169.14999389648438,275.1827697753906,504.7262878417969,68.20836639404297,167.8800048828125,173.125244140625,108.4818344116211,83.88783264160156,58.604740142822266,453.3550109863281,555.8800048828125,101.39442443847656,2024-02-06
188.48660278320312,411.7994079589844,178.7270965576172,135.96424865722656,170.52999877929688,277.79779052734375,513.3447875976562,70.08395385742188,170.94000244140625,173.45150756835938,109.26004791259766,83.7904052734375,58.65362548828125,468.18035888671875,559.2999877929688,102.56045532226562,2024-02-07
187.4019317626953,411.8590393066406,180.96510314941406,136.19334411621094,169.83999633789062,274.71966552734375,514.0366821289062,69.62605285644531,169.35000610351562,172.82862854003906,110.79701232910156,83.44940185546875,58.497188568115234,468.5891418457031,558.530029296875,102.54067993164062,2024-02-08
188.16912841796875,418.2640380859375,182.9086456298828,136.14353942871094,174.4499969482422,275.3671569824219,512.1883544921875,72.1175308227539,172.47999572753906,173.0362548828125,108.13165283203125,83.6832275390625,58.23320770263672,466.7048034667969,561.3200073242188,103.26203155517578,2024-02-09
186.4752655029297,413.0028076171875,182.7319793701172,136.5320281982422,172.33999633789062,274.0124206542969,511.61517333984375,72.23249816894531,171.91000366210938,173.8074493408203,108.07328033447266,84.6380615234375,58.370086669921875,467.492431640625,557.8499755859375,105.91028594970703,2024-02-12
184.37286376953125,404.1114196777344,180.3172607421875,135.86465454101562,168.63999938964844,274.7495422363281,510.83428955078125,72.1125259399414,171.5399932861328,172.29470825195312,106.7795181274414,81.81256103515625,58.02788162231445,458.73876953125,554.52001953125,103.75611114501953,2024-02-13
183.48606872558594,408.0173034667969,180.18966674804688,134.55979919433594,170.97999572753906,276.4928283691406,510.92333984375,73.88414764404297,178.6999969482422,174.04473876953125,107.11998748779297,81.841796875,57.96921920776367,471.8592834472656,579.3300170898438,105.07035064697266,2024-02-14
183.19712829589844,405.09783935546875,183.4288787841797,133.43423461914062,169.8000030517578,279.8996887207031,514.8174438476562,72.64240264892578,176.75999450683594,177.84144592285156,108.74627685546875,83.46888732910156,58.0767707824707,482.5770263671875,593.4600219726562,104.7936782836914,2024-02-15
181.65269470214844,402.6068420410156,184.18472290039062,133.7529754638672,169.50999450683594,277.48895263671875,515.4796142578125,72.59741973876953,173.8699951171875,177.0109100341797,108.32501220703125,84.27755737304688,58.06698989868164,471.899169921875,583.9500122070312,102.28376770019531,2024-02-16
180.90541076660156,401.3414001464844,180.0620574951172,133.87249755859375,167.0800018310547,274.09210205078125,514.9953002929688,69.43709564208984,165.69000244140625,177.70301818847656,107.31591796875,83.15711212158203,59.34781265258789,470.3338928222656,575.1300048828125,102.07624816894531,2024-02-20
181.66268920898438,400.73358154296875,176.3909149169922,135.52597045898438,168.58999633789062,275.6958923339844,515.8946533203125,67.45752716064453,164.2899932861328,178.85983276367188,110.57830810546875,83.2642822265625,59.87578201293945,467.1201477050781,573.3499755859375,104.02291107177734,2024-02-21
183.70529174804688,410.1695251464844,180.81788635253906,137.48117065429688,174.5800018310547,282.6590270996094,520.3720092773438,78.52115631103516,181.86000061035156,181.00535583496094,109.9415054321289,83.64425659179688,59.787784576416016,485.1849670410156,588.469970703125,103.83516693115234,2024-02-22
181.86195373535156,408.8642578125,182.30007934570312,137.9499969482422,174.99000549316406,282.50958251953125,521.1034545898438,78.80008697509766,176.52000427246094,181.9149932861328,109.24592590332031,84.32627868652344,59.836669921875,483.08905029296875,583.5599975585938,104.37864685058594,2024-02-23
180.50685119628906,406.0743408203125,180.73934936523438,137.34149169921875,174.72999572753906,283.0574645996094,519.205810546875,79.07503509521484,176.00999450683594,181.29208374023438,110.13744354248047,83.46888732910156,59.35758590698242,480.803466796875,587.6500244140625,103.30156707763672,2024-02-26
181.9715576171875,406.0145263671875,181.46571350097656,137.3614501953125,173.5399932861328,282.0812683105469,507.4442138671875,78.68411254882812,178.0,181.38107299804688,109.3438949584961,83.29351043701172,58.995826721191406,486.1031494140625,601.6699829101562,103.90433502197266,2024-02-27
180.76593017578125,406.253662109375,181.88780212402344,139.14706420898438,173.16000366210938,284.53179931640625,492.48046875,77.6463394165039,176.5399932861328,182.3005828857422,109.7651596069336,83.83912658691406,59.05449676513672,483.07904052734375,596.47998046875,103.11381530761719,2024-02-28
180.0983428955078,412.15240478515625,181.62277221679688,140.942626953125,176.75999450683594,281.55328369140625,487.8549499511719,79.09502410888672,192.52999877929688,183.9616241455078,110.25501251220703,83.82937622070312,58.68295669555664,489.17718505859375,602.9199829101562,102.69878387451172,2024-02-29
179.01226806640625,414.00567626953125,184.73439025878906,141.73068237304688,178.22000122070312,282.0712890625,483.8323059082031,82.26134490966797,202.63999938964844,183.20030212402344,111.92049407958984,84.2580795288086,58.2038688659668,501.3235168457031,619.3400268554688,101.03275299072266,2024-03-01
174.46871948242188,413.42779541015625,189.50489807128906,141.72071838378906,177.5800018310547,279.4513854980469,476.261474609375,85.21870422363281,205.36000061035156,184.5746307373047,109.37328338623047,87.72660827636719,58.47763442993164,497.22149658203125,615.8300170898438,98.71221160888672,2024-03-04
169.50665283203125,401.2018737792969,188.41534423828125,140.95260620117188,174.1199951171875,278.30584716796875,467.6429748535156,85.9495849609375,205.1300048828125,186.42355346679688,108.96180725097656,86.8399887084961,58.194095611572266,489.2669982910156,598.5,97.49243927001953,2024-03-05
168.51025390625,400.6438903808594,192.54782104492188,141.03240966796875,173.50999450683594,279.3517761230469,467.099365234375,88.68512725830078,210.6300048828125,187.3925018310547,109.71617126464844,83.45915222167969,58.223426818847656,495.1255798339844,597.6900024414062,96.81809997558594,2024-03-06
168.39068603515625,407.6686096191406,192.9208221435547,141.6409149169922,176.82000732421875,277.1901550292969,473.2074279785156,92.65345764160156,211.3800048828125,185.751220703125,110.45094299316406,83.92680358886719,58.11587905883789,511.1943054199219,608.510009765625,97.37344360351562,2024-03-07
170.1144561767578,404.7590637207031,192.34169006347656,142.1696014404297,175.35000610351562,278.9632873535156,472.8799743652344,87.5133285522461,207.38999938964844,186.09727478027344,110.7056655883789,84.8036880493164,58.194095611572266,504.9664306640625,604.8200073242188,98.33537292480469,2024-03-08
172.12718200683594,403.0651550292969,188.19940185546875,140.65335083007812,171.9600067138672,279.48126220703125,485.3625793457031,85.7596206665039,198.38999938964844,186.16647338867188,112.90998840332031,84.70626068115234,58.89805603027344,482.6498718261719,600.9299926757812,100.23941040039062,2024-03-11
172.60543823242188,413.7864685058594,194.1379852294922,142.7282257080078,175.38999938964844,282.828369140625,485.56103515625,91.89759826660156,202.75999450683594,187.69900512695312,112.68465423583984,84.81343078613281,59.15226364135742,498.77850341796875,611.0800170898438,99.34689331054688,2024-03-12
170.51303100585938,413.6071472167969,193.077880859375,141.96011352539062,176.55999755859375,284.043701171875,484.2214660644531,90.87276458740234,194.7899932861328,189.2216339111328,115.16328430175781,87.05433654785156,59.758453369140625,494.6065979003906,609.4500122070312,100.51708221435547,2024-03-13
172.37628173828125,423.69073486328125,189.8680877685547,140.50372314453125,178.75,285.30877685546875,485.2137451171875,87.92925262451172,187.05999755859375,185.85008239746094,117.34800720214844,86.81076049804688,59.625404357910156,490.8738708496094,613.010009765625,99.42623138427734,2024-03-14
171.9976348876953,414.9223937988281,187.5515594482422,139.47625732421875,174.4199981689453,281.9517517089844,487.0196533203125,87.822265625,191.05999755859375,188.15382385253906,117.60272216796875,86.1092529296875,59.01436996459961,483.1589050292969,605.8800048828125,98.81138610839844,2024-03-15
173.09368896484375,415.81915283203125,188.16012573242188,141.20199584960938,174.47999572753906,283.9540100097656,483.2788391113281,88.44017028808594,190.64999389648438,190.48721313476562,117.81826782226562,85.70004272460938,59.2607536315918,496.0138854980469,618.3900146484375,97.91886901855469,2024-03-18
175.44517517089844,419.8944396972656,189.77975463867188,141.7705841064453,175.89999389648438,286.24517822265625,489.50030517578125,89.38301849365234,181.4199981689453,191.60446166992188,119.54252624511719,86.14823150634766,59.35930633544922,495.2752990722656,620.739990234375,99.12872314453125,2024-03-19
178.0258331298828,423.7007141113281,190.3883514404297,142.50877380371094,178.14999389648438,288.16778564453125,490.40325927734375,90.35684967041016,179.72999572753906,194.11581420898438,119.43476104736328,89.0029525756836,59.87179183959961,504.5372314453125,627.6900024414062,99.43614196777344,2024-03-20
170.75213623046875,427.8258056640625,188.3662567138672,144.50384521484375,178.14999389648438,289.2535705566406,487.8829040527344,91.41967010498047,178.67999267578125,196.8150177001953,121.00227355957031,91.00028228759766,59.59584045410156,506.7729187011719,622.7100219726562,99.9815673828125,2024-03-21
171.65887451171875,427.19805908203125,187.32577514648438,143.426513671875,178.8699951171875,282.1709289550781,486.2754821777344,94.273193359375,179.64999389648438,194.4025421142578,120.53202056884766,89.58753967285156,59.61555099487305,508.58935546875,628.010009765625,93.07945251464844,2024-03-22
170.23403930664062,421.3392028808594,185.3135223388672,142.4788360595703,179.7100067138672,280.1287841796875,482.117919921875,94.98606872558594,178.6300048828125,192.6228485107422,123.66706085205078,88.79834747314453,59.526851654052734,502.0420837402344,627.4600219726562,92.9703598022461,2024-03-25
169.09814453125,420.133544921875,185.02886962890625,143.5561981201172,178.3000030517578,279.5211486816406,488.4981384277344,92.54547882080078,177.8699951171875,193.52256774902344,123.43192291259766,88.93473815917969,59.66482925415039,494.9259948730469,629.239990234375,91.81009674072266,2024-03-26
172.68516540527344,419.9143371582031,187.28652954101562,145.5113525390625,179.8300018310547,277.94720458984375,489.281982421875,90.23486328125,179.58999633789062,197.26983642578125,124.26465606689453,91.09770965576172,60.147743225097656,492.8999328613281,613.530029296875,93.34719848632812,2024-03-27
170.86175537109375,419.2069091796875,187.44357299804688,145.3218231201172,180.3800048828125,278.0069580078125,490.86962890625,90.34085083007812,180.49000549316406,198.04104614257812,124.69573211669922,91.74076080322266,60.29557418823242,484.6360168457031,607.3300170898438,93.19845581054688,2024-03-28
169.41697692871094,423.0430908203125,186.33438110351562,144.50384521484375,180.97000122070312,277.2100524902344,485.9083251953125,90.34784698486328,183.33999633789062,196.69638061523438,126.06729888916016,91.12693786621094,59.80280303955078,490.3948059082031,614.3099975585938,91.7902603149414,2024-04-01
168.2312774658203,419.9243469238281,185.40188598632812,145.5712127685547,180.69000244140625,277.36944580078125,454.59271240234375,89.43700408935547,178.6999969482422,196.61727905273438,128.0168914794922,90.32801055908203,59.28046798706055,496.4031066894531,614.2100219726562,90.19364929199219,2024-04-02
169.03834533691406,418.9378967285156,187.38467407226562,147.83563232421875,182.41000366210938,275.8951110839844,456.1802978515625,88.94908142089844,180.77000427246094,196.0635986328125,128.95741271972656,90.61055755615234,58.965091705322266,505.7548828125,630.0800170898438,89.57881164550781,2024-04-03
168.2113494873047,416.37713623046875,184.47918701171875,146.97775268554688,180.0,272.9465026855469,451.85406494140625,85.89059448242188,165.8300018310547,194.5718536376953,129.07496643066406,89.90904998779297,58.442752838134766,509.9267883300781,617.1400146484375,88.32928466796875,2024-04-04
168.96861267089844,423.9896545410156,185.65708923339844,150.12998962402344,185.07000732421875,276.0744323730469,452.2112731933594,87.99324798583984,170.4199981689453,196.3619384765625,130.8090362548828,90.09417724609375,58.649715423583984,526.3148193359375,636.1799926757812,88.10118865966797,2024-04-05
167.84268188476562,423.06298828125,186.32456970214844,149.09254455566406,185.19000244140625,276.69207763671875,452.4692687988281,87.11839294433594,169.89999389648438,197.38626098632812,129.7313690185547,90.8151626586914,58.413185119628906,518.2406005859375,628.4099731445312,89.25154876708984,2024-04-08
169.05828857421875,424.7469177246094,185.82395935058594,147.49649047851562,185.6699981689453,275.65606689453125,456.16046142578125,85.33968353271484,170.77999877929688,196.06358337402344,129.56480407714844,91.66281127929688,58.85668182373047,515.8951416015625,618.2000122070312,90.24323272705078,2024-04-09
167.17510986328125,421.73779296875,182.61416625976562,147.17724609375,185.9499969482422,273.4246520996094,446.5653076171875,87.02440643310547,167.13999938964844,194.39285278320312,130.12326049804688,89.29524230957031,58.06824493408203,518.8194580078125,618.5800170898438,88.2598648071289,2024-04-10
174.40892028808594,426.3909912109375,182.47674560546875,147.3468475341797,189.0500030517578,274.62005615234375,438.2998046875,90.6008071899414,170.5,194.35305786132812,130.22122192382812,84.60882568359375,58.19636535644531,522.1429443359375,628.780029296875,91.23491668701172,2024-04-11
175.91348266601562,420.3826904296875,178.91360473632812,145.8206024169922,186.1300048828125,274.8989562988281,435.7993469238281,88.17121124267578,163.27999877929688,181.78271484375,128.5361328125,83.97552490234375,57.437496185302734,510.90484619140625,622.8300170898438,91.23491668701172,2024-04-12
172.0673828125,412.15240478515625,177.91238403320312,144.88291931152344,183.6199951171875,270.2369689941406,442.1795349121094,85.98657989501953,160.32000732421875,181.88217163085938,127.60543060302734,84.75496673583984,57.299522399902344,499.257568359375,607.1500244140625,92.32577514648438,2024-04-15
168.76934814453125,413.0889892578125,180.36634826660156,145.10238647460938,183.32000732421875,270.30670166015625,465.25946044921875,87.40034484863281,163.4600067138672,179.80369567871094,126.90003967285156,86.8497314453125,57.22067642211914,498.7884521484375,617.52001953125,92.61335754394531,2024-04-16
167.39430236816406,410.3588562011719,179.7283172607422,144.19461059570312,181.27999877929688,271.6415710449219,475.2812194824219,84.02091217041016,154.02000427246094,179.08766174316406,125.72441864013672,87.76558685302734,57.66416931152344,493.2093505859375,613.6900024414062,94.05130004882812,2024-04-17
166.437744140625,402.8160705566406,178.1283416748047,143.91531372070312,179.22000122070312,270.3266296386719,489.3613586425781,84.65680694580078,155.0800018310547,180.25120544433594,125.2149658203125,87.94095611572266,58.05839157104492,500.8244934082031,610.5599975585938,94.94381713867188,2024-04-18
164.40512084960938,397.6846008300781,178.23629760742188,143.8155517578125,174.6300048828125,268.74273681640625,497.2498474121094,76.18722534179688,146.63999938964844,184.77613830566406,126.75309753417969,88.33068084716797,59.3001708984375,480.1347961425781,555.0399780273438,93.7438735961914,2024-04-19
165.24209594726562,399.5179748535156,178.55039978027344,145.33181762695312,177.22999572753906,271.2829284667969,487.4264831542969,79.50466918945312,148.63999938964844,188.36624145507812,126.70410919189453,89.72393035888672,59.6746826171875,480.79351806640625,554.5999755859375,93.40670776367188,2024-04-22
166.2982635498047,406.1042175292969,178.8350830078125,148.11495971679688,179.5399932861328,273.05609130859375,482.4155578613281,82.4091796875,152.27000427246094,191.08119201660156,127.20374298095703,91.35103607177734,59.76338195800781,495.1355895996094,577.75,93.23811340332031,2024-04-23
168.41064453125,407.5888366699219,180.70989990234375,162.97833251953125,176.58999633789062,273.96258544921875,483.5268859863281,79.66364288330078,151.74000549316406,192.01602172851562,126.6551284790039,91.43871307373047,60.66022491455078,492.5406494140625,555.1199951171875,93.85295867919922,2024-04-24
169.27749633789062,397.6048889160156,165.79962158203125,162.77879333496094,173.6699981689453,274.10205078125,490.0361022949219,82.61814880371094,153.75999450683594,192.30441284179688,127.46826934814453,90.18185424804688,60.84748077392578,440.5219421386719,564.7999877929688,93.1587905883789,2024-04-25
168.6896209716797,404.8587341308594,164.05239868164062,163.95590209960938,179.6199951171875,273.4645080566406,491.51458740234375,87.72029113769531,157.39999389648438,192.42376708984375,127.59564208984375,90.4449234008789,60.84748077392578,442.4282531738281,561.22998046875,93.33728790283203,2024-04-26
172.8744659423828,400.8033447265625,164.3468475341797,162.8286895751953,180.9600067138672,270.7947998046875,485.2435302734375,87.7422866821289,160.1999969482422,192.2149200439453,127.57603454589844,90.57275390625,61.14314270019531,431.7789611816406,559.489990234375,93.27778625488281,2024-04-29
169.71591186523438,387.9297790527344,163.13951110839844,160.68399047851562,175.0,267.5772399902344,479.95477294921875,86.38751220703125,158.3800048828125,190.68341064453125,123.0694351196289,89.3239517211914,60.877044677734375,429.3337707519531,550.6400146484375,91.49275970458984,2024-04-30
168.6896209716797,393.5196228027344,161.402099609375,160.14529418945312,179.0,266.2922058105469,480.3616027832031,83.0270767211914,144.27000427246094,190.80274963378906,121.81542205810547,90.01226806640625,61.034732818603516,438.3362121582031,551.7100219726562,89.5887222290039,2024-05-01
172.4061737060547,396.4092102050781,161.65731811523438,161.4820098876953,184.72000122070312,266.5810546875,489.1529846191406,85.8026123046875,146.16000366210938,190.60385131835938,119.76786041259766,91.10374450683594,61.093868255615234,440.82135009765625,565.1500244140625,91.64151000976562,2024-05-02
182.71884155273438,405.1974792480469,162.65855407714844,161.8112030029297,186.2100067138672,267.4576721191406,488.63702392578125,88.77411651611328,150.60000610351562,189.46017456054688,119.7482681274414,92.07721710205078,61.271263122558594,451.08135986328125,579.3400268554688,91.38367462158203,2024-05-03
181.0548858642578,412.0527648925781,165.50514221191406,162.6192169189453,188.6999969482422,271.62164306640625,490.5520935058594,92.12454986572266,155.77999877929688,190.9419708251953,121.04146575927734,93.2080307006836,61.44865798950195,464.77471923828125,596.969970703125,92.58361053466797,2024-05-06
181.7423858642578,407.86785888671875,165.27938842773438,164.1853485107422,188.75999450683594,275.3970642089844,497.08111572265625,90.538818359375,154.42999267578125,190.69334411621094,121.03166198730469,94.19133758544922,61.71475601196289,467.3297424316406,606.0,93.00011444091797,2024-05-07
182.08116149902344,409.06353759765625,166.77137756347656,165.15296936035156,188.0,276.1242370605469,499.313720703125,90.39684295654297,153.6199951171875,194.5718536376953,120.56140899658203,94.0438461303711,61.941429138183594,471.6812438964844,609.469970703125,92.81169891357422,2024-05-08
183.9045867919922,410.8371276855469,164.82838439941406,166.91860961914062,189.5,277.4690856933594,503.1041259765625,88.73212432861328,152.38999938964844,196.4116668701172,120.88471984863281,96.47261810302734,61.97100067138672,474.49578857421875,612.0900268554688,92.61335754394531,2024-05-09
182.63743591308594,413.2484130859375,165.70074462890625,167.92613220214844,187.47999572753906,279.66058349609375,508.8393859863281,89.86292266845703,151.9199981689453,197.67466735839844,120.19456481933594,96.63977813720703,62.34550476074219,475.2742614746094,610.8699951171875,90.1837387084961,2024-05-10
185.86013793945312,412.2320861816406,166.10719299316406,164.4945831298828,186.57000732421875,278.3157958984375,507.77764892578125,90.38385009765625,150.55999755859375,197.6348876953125,119.87905883789062,96.91510772705078,62.66088104248047,467.1001892089844,616.5900268554688,91.94893646240234,2024-05-13
187.00755310058594,415.0618896484375,165.90892028808594,164.74395751953125,187.07000732421875,276.672119140625,509.901123046875,91.34069061279297,153.16000366210938,200.39956665039062,119.33680725097656,97.72142028808594,62.18782043457031,470.9327392578125,613.6599731445312,92.01834869384766,2024-05-14
189.2924041748047,422.31878662109375,166.80111694335938,168.5745391845703,185.99000549316406,280.41766357421875,513.5426635742188,94.61412811279297,159.6699981689453,200.9962615966797,119.0015869140625,98.84239196777344,62.217384338378906,480.6038818359375,613.52001953125,90.90766143798828,2024-05-15
189.41212463378906,420.2325744628906,167.5049591064453,166.25025939941406,183.6300048828125,279.27996826171875,517.23388671875,94.34317779541016,162.6199951171875,201.35427856445312,118.14382934570312,97.9180908203125,62.404640197753906,472.31005859375,610.52001953125,91.00682830810547,2024-05-16
189.44204711914062,419.4539489746094,167.56443786621094,167.9061737060547,184.6999969482422,279.5394592285156,520.56787109375,92.46348571777344,164.47000122070312,203.66148376464844,119.99737548828125,98.54740905761719,62.118831634521484,470.99261474609375,621.0999755859375,91.41342163085938,2024-05-17
190.6094207763672,424.5747375488281,168.4467315673828,170.23045349121094,183.5399932861328,277.9825744628906,513.2251586914062,94.76410675048828,166.3300018310547,194.5022430419922,119.18891143798828,98.65557861328125,61.66547775268555,467.9285583496094,640.8200073242188,91.00682830810547,2024-05-20
191.91647338867188,428.2680969238281,171.9659423828125,169.63192749023438,183.14999389648438,275.39776611328125,519.4962158203125,95.37001037597656,164.66000366210938,198.4205322265625,118.7156753540039,99.83554077148438,62.00056457519531,463.72674560546875,650.6099853515625,92.04810333251953,2024-05-21
190.4697265625,429.74542236328125,172.1840362548828,169.18304443359375,183.1300048828125,275.0284729003906,517.313232421875,94.93408203125,165.52000427246094,197.21719360351562,116.52690887451172,99.05872344970703,62.089263916015625,466.8706359863281,640.469970703125,91.73075866699219,2024-05-22
186.45880126953125,426.23175048828125,169.19021606445312,169.06332397460938,181.0500030517578,273.68121337890625,512.8282470703125,103.78160095214844,160.42999267578125,195.83485412597656,115.9945068359375,97.26909637451172,61.192420959472656,464.87451171875,635.6699829101562,90.63990783691406,2024-05-23
189.5518035888672,429.3860778808594,169.40830993652344,169.48277282714844,180.75,273.9406433105469,504.2353210449219,106.4511489868164,166.36000061035156,199.60397338867188,115.60013580322266,97.31826782226562,61.103721618652344,477.29034423828125,646.75,90.98699188232422,2024-05-24
189.56178283691406,429.5457763671875,168.18898010253906,168.50404357910156,182.14999389648438,270.4377136230469,499.78009033203125,113.88190460205078,171.61000061035156,198.400634765625,117.28607940673828,97.02326965332031,60.92632293701172,478.987060546875,649.0,91.23491668701172,2024-05-28
189.86111450195312,428.3978576660156,165.6016082763672,167.27561950683594,182.02000427246094,268.3219299316406,480.9668884277344,114.80574798583984,165.13999938964844,197.01829528808594,113.62828063964844,95.64663696289062,60.80805587768555,473.4378356933594,654.6199951171875,90.90766143798828,2024-05-29
190.85885620117188,413.9239501953125,164.1939239501953,168.82362365722656,179.32000732421875,270.7570495605469,477.920654296875,110.48147583007812,166.75,198.23158264160156,111.98178100585938,95.60730743408203,61.074153900146484,466.14202880859375,647.6599731445312,92.67285919189453,2024-05-30
191.81668090820312,414.38311767578125,165.40335083007812,169.0133819580078,176.44000244140625,271.91473388671875,491.534423828125,109.6146240234375,166.89999389648438,201.51339721679688,114.84097290039062,96.20712280273438,62.02027893066406,465.9224853515625,641.6199951171875,94.25955963134766,2024-05-31
193.59268188476562,412.7760009765625,163.84695434570312,165.50787353515625,178.33999633789062,269.8388977050781,493.58837890625,114.98072052001953,163.5500030517578,200.70787048339844,112.2677001953125,95.78430938720703,62.02027893066406,476.5617370605469,633.7899780273438,93.98079681396484,2024-06-03
193.91195678710938,415.3214416503906,164.3723602294922,164.5790557861328,179.33999633789062,271.87481689453125,501.5760498046875,116.41748046875,159.99000549316406,198.06251525878906,110.6902084350586,94.96815490722656,63.01567459106445,476.0627136230469,631.6199951171875,94.31928253173828,2024-06-04
195.42852783203125,423.24713134765625,165.9287567138672,165.50787353515625,181.27999877929688,273.9506530761719,499.2243957519531,122.41947174072266,166.1699981689453,196.1729736328125,110.6507797241211,95.04682159423828,62.9959602355957,494.09759521484375,650.27001953125,93.90115356445312,2024-06-05
194.0416717529297,423.7561950683594,166.74163818359375,163.7900848388672,185.0,276.4855651855469,498.0337219238281,120.97770690917969,166.77999877929688,195.82492065429688,110.6211929321289,95.23365020751953,63.22264099121094,492.8001403808594,648.52001953125,95.29493713378906,2024-06-06
196.44622802734375,423.0874328613281,168.5359344482422,162.9611358642578,184.3000030517578,278.1123046875,486.8906555175781,120.86773681640625,167.8699951171875,198.84815979003906,110.42401123046875,95.51880645751953,62.98611068725586,492.0016784667969,641.469970703125,96.12125396728516,2024-06-07
192.68472290039062,427.1001892089844,168.90274047851562,163.53041076660156,187.05999755859375,274.48956298828125,491.1672668457031,121.76958465576172,160.33999633789062,198.51004028320312,111.70571899414062,94.78132629394531,62.670738220214844,501.6229553222656,644.5,95.57369232177734,2024-06-10
206.68310546875,431.9015197753906,167.85194396972656,162.62158203125,187.22999572753906,274.1203308105469,492.3778381347656,120.899658203125,158.9600067138672,193.28897094726562,112.03107452392578,93.83734893798828,62.63131332397461,506.48345947265625,648.5499877929688,95.44426727294922,2024-06-11
212.58978271484375,440.2664489746094,167.53469848632812,164.9585723876953,186.88999938964844,269.7790222167969,489.2522277832031,125.18928527832031,160.24000549316406,190.4745635986328,110.61133575439453,94.05367279052734,61.97100067138672,507.8507995605469,650.0599975585938,93.26399230957031,2024-06-12
213.75714111328125,440.7855224609375,167.65365600585938,163.22079467773438,183.8300018310547,270.64727783203125,493.449462890625,129.59890747070312,159.89999389648438,192.59283447265625,109.32962799072266,93.62101745605469,62.079410552978516,503.1200256347656,653.260009765625,93.76177215576172,2024-06-13
212.01107788085938,441.77374267578125,167.74288940429688,160.1147918701172,183.66000366210938,270.11834716796875,493.2708740234375,131.8687286376953,159.6300048828125,192.712158203125,107.8507308959961,93.90618133544922,62.12409973144531,503.67950439453125,669.3800048828125,92.97528076171875,2024-06-14
216.18165588378906,447.56329345703125,168.03036499023438,161.40313720703125,184.05999755859375,270.6273193359375,487.5013427734375,130.9687957763672,158.39999389648438,193.90554809570312,107.99862670898438,95.42047882080078,62.19362258911133,506.14715576171875,675.8300170898438,94.57813262939453,2024-06-17
213.8070068359375,445.5369567871094,169.07127380371094,162.84129333496094,182.80999755859375,273.0724182128906,479.3502197265625,135.5684051513672,154.6300048828125,195.91441345214844,107.8704605102539,95.9416275024414,62.203556060791016,499.0139465332031,685.6699829101562,94.3591079711914,2024-06-18
209.2073974609375,444.89813232421875,172.41204833984375,161.39315795898438,186.10000610351562,276.2660217285156,482.8079833984375,130.76881408691406,161.77999877929688,197.57521057128906,109.76344299316406,95.81380462646484,61.756622314453125,501.22186279296875,679.030029296875,95.14559936523438,2024-06-20
207.02235412597656,448.97076416015625,170.96470642089844,160.82388305664062,189.0800018310547,274.6692199707031,480.8847961425781,126.55917358398438,161.22999572753906,195.21827697753906,109.77330017089844,94.55516815185547,62.34260177612305,494.3084411621094,686.1199951171875,96.74845123291016,2024-06-21
207.67088317871094,446.8645935058594,173.49258422851562,161.80262756347656,185.57000732421875,275.7470397949219,488.24871826171875,118.09989929199219,160.25,197.7840576171875,113.54940032958984,95.47947692871094,63.5344352722168,498.43450927734375,669.02001953125,96.73849487304688,2024-06-24
208.59878540039062,450.138671875,171.10350036621094,160.2745819091797,186.33999633789062,272.9825744628906,482.7880554199219,126.07920837402344,160.25,196.97853088378906,113.37194061279297,96.16780090332031,63.40531921386719,510.1133728027344,672.4099731445312,94.32923889160156,2024-06-25
212.7693634033203,451.34649658203125,170.37982177734375,159.1460418701172,193.61000061035156,273.0524597167969,482.3296813964844,126.38919067382812,157.5399932861328,196.342041015625,112.01136016845703,95.27297973632812,63.6138916015625,512.6309814453125,677.6900024414062,93.64230346679688,2024-06-26
213.61746215820312,452.0352478027344,169.36866760253906,158.5368194580078,197.85000610351562,266.0564880371094,484.72119140625,123.9793930053711,159.47000122070312,198.0724639892578,112.36628723144531,94.17166900634766,63.4748420715332,519.0648193359375,684.3400268554688,93.771728515625,2024-06-27
210.14527893066406,446.1458740234375,171.45045471191406,157.8477020263672,193.25,261.9447326660156,507.4605712890625,123.52943420410156,162.2100067138672,201.1454315185547,112.77051544189453,95.56797790527344,63.21661376953125,503.73944091796875,674.8800048828125,75.03530883789062,2024-06-28
216.261474609375,455.90826416015625,173.58181762695312,155.35089111328125,197.1999969482422,262.7131652832031,492.9021911621094,124.28936767578125,157.69000244140625,204.31785583496094,112.75080871582031,97.50509643554688,62.84912872314453,504.1990051269531,673.6099853515625,76.48882293701172,2024-07-01
219.77354431152344,458.45367431640625,175.7627410888672,155.28097534179688,200.0,267.6932067871094,496.4794921875,122.65950775146484,164.30999755859375,207.67922973632812,112.5141830444336,97.98692321777344,62.72001647949219,509.014404296875,679.5800170898438,75.70233154296875,2024-07-02
221.0506591796875,459.94097900390625,174.2063446044922,157.79776000976562,197.58999633789062,268.45166015625,488.1590270996094,128.26902770996094,163.89999389648438,207.54000854492188,113.155029296875,98.5277328491211,62.8987922668457,509.4739685058594,682.510009765625,74.90587615966797,2024-07-03
225.82984924316406,466.7187805175781,174.49383544921875,156.2996826171875,200.0,269.81890869140625,486.2856750488281,125.8192367553711,171.89999389648438,204.7899932861328,110.96627044677734,97.92790985107422,63.32585906982422,539.3953857421875,690.6500244140625,75.09503936767578,2024-07-05
227.30653381347656,465.4011535644531,176.09979248046875,156.51939392089844,199.2899932861328,265.8668518066406,487.6109619140625,128.18902587890625,178.69000244140625,205.1699981689453,110.6507797241211,98.91122436523438,62.531307220458984,528.8155517578125,685.739990234375,72.7256088256836,2024-07-08
228.16458129882812,458.7132263183594,174.94984436035156,157.0387420654297,199.33999633789062,264.9087829589844,490.37115478515625,131.3687744140625,177.10000610351562,207.6300048828125,109.62541198730469,100.89751434326172,62.263145446777344,529.494873046875,685.739990234375,72.13822174072266,2024-07-09
232.45489501953125,465.4111328125,176.2980499267578,160.36447143554688,199.7899932861328,262.4736633300781,499.1600036621094,134.89846801757812,183.9600067138672,207.8000030517578,110.94654846191406,101.73332977294922,62.40219497680664,534.180419921875,677.6500244140625,72.2178726196289,2024-07-10
227.05709838867188,453.8819274902344,176.76397705078125,162.36192321777344,195.0500030517578,262.0245361328125,502.577880859375,127.38910675048828,181.94000244140625,207.4499969482422,112.38600158691406,102.89363861083984,62.670352935791016,512.2113647460938,652.75,73.06409454345703,2024-07-11
230.0203857421875,452.7339782714844,181.2447967529297,162.66151428222656,194.49000549316406,265.2081604003906,509.7225341796875,129.2289581298828,181.61000061035156,204.94000244140625,111.54796600341797,102.35282135009766,63.26626968383789,498.39453125,647.5999755859375,73.09396362304688,2024-07-12
233.87168884277344,453.14324951171875,181.2943572998047,163.9498748779297,192.72000122070312,267.91278076171875,513.5489501953125,128.42901611328125,179.8300018310547,210.0500030517578,112.95784759521484,103.5032958984375,62.97824478149414,495.6871337890625,656.4500122070312,70.99333190917969,2024-07-15
234.29074096679688,448.71124267578125,184.19895935058594,168.42413330078125,193.02000427246094,268.7111511230469,546.9306030273438,126.34918975830078,177.5500030517578,213.6199951171875,113.56912994384766,104.44727325439453,63.8323860168457,489.3232116699219,656.3200073242188,72.4866714477539,2024-07-16
228.3641357421875,442.7220153808594,185.82473754882812,166.7063446044922,187.92999267578125,272.1542663574219,571.25439453125,117.97990417480469,159.42999267578125,216.8699951171875,114.44660186767578,105.17491912841797,64.7659912109375,461.5496826171875,647.4600219726562,72.74551391601562,2024-07-17
223.6747283935547,439.57769775390625,183.61407470703125,165.88739013671875,183.75,268.6113586425781,562.345947265625,121.07963562011719,155.77000427246094,209.97999572753906,114.9691390991211,103.06079864501953,64.74612426757812,475.396484375,643.0399780273438,72.05857849121094,2024-07-18
223.80442810058594,436.32354736328125,181.66114807128906,164.9785614013672,183.1300048828125,264.9287414550781,563.3324584960938,117.91991424560547,151.5800018310547,209.77999877929688,112.7409439086914,100.38619232177734,64.84544372558594,476.3356018066406,633.3400268554688,72.37715911865234,2024-07-19
223.45523071289062,442.14306640625,182.5533447265625,168.9434814453125,182.5500030517578,267.1742248535156,556.5565185546875,123.52943420410156,155.8699951171875,210.27999877929688,110.739501953125,100.73035430908203,64.3289794921875,486.9354553222656,647.5,74.5275650024414,2024-07-22
224.5028533935547,444.0496520996094,182.5037841796875,167.8948211669922,186.41000366210938,264.2601013183594,552.7400512695312,122.57951354980469,154.0,210.3300018310547,109.27046966552734,101.77266693115234,64.51769256591797,488.2242431640625,642.760009765625,73.07405090332031,2024-07-23
218.0474395751953,428.1283264160156,182.4244842529297,157.07867431640625,180.8300018310547,253.6613311767578,557.7721557617188,114.24022674560547,144.6300048828125,208.58999633789062,109.53667449951172,100.26819610595703,65.36190032958984,460.8303527832031,635.989990234375,70.77430725097656,2024-07-24
216.99981689453125,417.647216796875,190.31546020507812,158.9263153076172,179.85000610351562,253.23219299316406,557.702392578125,112.27039337158203,138.32000732421875,208.6699981689453,109.46765899658203,101.8316650390625,65.62013244628906,452.9778747558594,634.0900268554688,71.09288787841797,2024-07-25
217.46875,424.5048522949219,190.0874481201172,159.485595703125,182.5,258.94073486328125,567.7069091796875,113.05032348632812,139.99000549316406,212.24000549316406,109.300048828125,102.45115661621094,66.59346008300781,465.25616455078125,631.3699951171875,72.23777770996094,2024-07-26
217.7481231689453,425.9622497558594,189.83961486816406,159.7552490234375,183.1999969482422,261.07647705078125,564.7474365234375,111.58045196533203,139.75,210.85000610351562,107.58454132080078,100.76969146728516,66.37496185302734,465.2661437988281,626.9600219726562,73.223388671875,2024-07-29
218.30685424804688,422.15911865234375,189.38360595703125,159.17599487304688,181.7100067138672,262.5734558105469,574.2935791015625,103.72113037109375,138.44000244140625,215.19000244140625,108.36341857910156,102.02832794189453,67.21916961669922,462.74853515625,622.5800170898438,73.9899673461914,2024-07-30
221.5794677734375,417.5973205566406,190.4740753173828,160.9437255859375,186.97999572753906,265.1383361816406,574.1241455078125,117.0099868774414,144.47999572753906,212.8000030517578,109.63526153564453,102.40038299560547,66.28556823730469,474.37744140625,628.3499755859375,74.5275650024414,2024-07-31
217.8678436279297,416.3595275878906,188.0155792236328,156.50941467285156,184.07000732421875,265.3977966308594,570.7461547851562,109.2006607055664,132.5399932861328,207.9600067138672,106.86480712890625,100.96176147460938,67.49726104736328,497.2655944824219,624.8499755859375,73.52204895019531,2024-08-01
219.36447143554688,407.7550354003906,187.48025512695312,152.94398498535156,167.89999389648438,266.0464782714844,587.7459106445312,107.26081848144531,132.5,199.13999938964844,104.28166961669922,95.0981216430664,68.85794067382812,487.6747741699219,613.6400146484375,73.68134307861328,2024-08-02
208.79833984375,394.4390563964844,181.7206268310547,149.81797790527344,161.02000427246094,255.92678833007812,567.9461059570312,100.44140625,134.82000732421875,194.89999389648438,103.09855651855469,91.34777069091797,67.63630676269531,475.276611328125,598.5499877929688,71.10284423828125,2024-08-05
206.762939453125,398.8910217285156,185.1803741455078,151.3460235595703,161.92999267578125,257.7431640625,566.3417358398438,104.24108123779297,130.17999267578125,200.33999633789062,104.3112564086914,92.24071502685547,67.58665466308594,493.61907958984375,609.5700073242188,72.17804718017578,2024-08-06
209.34710693359375,397.7131652832031,185.1803741455078,152.99391174316406,162.77000427246094,256.0066223144531,564.079833984375,98.90154266357422,128.6699981689453,200.39999389648438,105.42535400390625,91.38745880126953,67.99385833740234,488.45404052734375,611.47998046875,72.29751586914062,2024-08-07
212.8292236328125,401.9654846191406,190.94000244140625,154.83155822753906,165.8000030517578,259.30999755859375,564.2391967773438,104.96102142333984,136.32000732421875,204.05999755859375,106.74649047851562,93.88768768310547,68.26202392578125,509.144287109375,630.3499755859375,73.86054229736328,2024-08-08
215.7526397705078,405.28948974609375,191.4499969482422,154.87152099609375,166.94000244140625,259.760009765625,556.78564453125,104.74104309082031,134.27000427246094,205.8000030517578,107.08171844482422,93.97698974609375,68.21236419677734,517.2765502929688,633.9400024414062,74.00987243652344,2024-08-09
217.2909393310547,406.07806396484375,189.47999572753906,155.21107482910156,166.8000030517578,259.8900146484375,563.2925415039062,109.01067352294922,136.77000427246094,206.19000244140625,109.26644134521484,94.09603881835938,67.7058334350586,515.458251953125,633.1400146484375,74.30854034423828,2024-08-12
221.02682495117188,413.26513671875,190.99000549316406,156.0500030517578,170.22999572753906,260.1300048828125,572.2109375,116.13006591796875,141.1300048828125,207.94000244140625,107.58816528320312,95.95137023925781,67.99385833740234,528.0362548828125,648.02001953125,78.15140533447266,2024-08-13
221.47633361816406,416.1099853515625,192.32000732421875,156.0800018310547,170.10000610351562,261.1400146484375,577.6217651367188,118.06990051269531,140.75,210.24000549316406,108.57130432128906,98.65996551513672,68.11304473876953,526.2579956054688,661.6799926757812,78.17131042480469,2024-08-14
224.47303771972656,421.0299987792969,193.9499969482422,158.27999877929688,177.58999633789062,266.79998779296875,577.5619506835938,122.84949493408203,147.36000061035156,211.5500030517578,110.45812225341797,99.85054779052734,68.18257141113281,536.81787109375,663.219970703125,82.13363647460938,2024-08-15
225.80157470703125,418.4700012207031,193.77999877929688,159.30999755859375,177.05999755859375,267.3800048828125,575.6387939453125,124.56934356689453,148.55999755859375,213.97000122070312,110.40846252441406,100.64427185058594,68.7089614868164,526.9172973632812,674.0700073242188,82.86040496826172,2024-08-16
225.64175415039062,421.5299987792969,194.72999572753906,160.97000122070312,178.22000122070312,266.4700012207031,576.7349243164062,129.98887634277344,155.27999877929688,215.4499969482422,110.9645767211914,100.95184326171875,68.51032257080078,528.7755737304688,688.530029296875,82.91017150878906,2024-08-19
226.2610626220703,424.79998779296875,196.02999877929688,160.1300048828125,178.8800048828125,268.0400085449219,578.5983276367188,127.2391128540039,156.39999389648438,214.52000427246094,109.08769226074219,99.98944854736328,68.9075927734375,526.2279663085938,698.5399780273438,83.18893432617188,2024-08-20
226.15118408203125,424.1400146484375,197.2100067138672,161.4600067138672,180.11000061035156,268.20001220703125,576.0274658203125,128.489013671875,157.80999755859375,214.60000610351562,108.85929107666016,99.90015411376953,69.09629821777344,534.64990234375,697.1199951171875,83.6269760131836,2024-08-21
224.2832489013672,415.54998779296875,195.9600067138672,163.22999572753906,176.1300048828125,267.94000244140625,576.6751098632812,123.72941589355469,151.6999969482422,216.6300048828125,109.20686340332031,99.77117156982422,68.85794067382812,531.4230346679688,688.9600219726562,83.03960418701172,2024-08-22
226.5906982421875,416.7900085449219,196.10000610351562,166.32000732421875,177.0399932861328,267.44000244140625,582.4447021484375,129.3589324951172,154.97999572753906,218.30999755859375,110.62693786621094,101.09074401855469,69.31480407714844,527.4967651367188,686.72998046875,83.6767578125,2024-08-23
226.93032836914062,413.489990234375,197.97999572753906,165.22999572753906,175.5,268.2099914550781,585.055419921875,126.44918060302734,149.99000549316406,219.1699981689453,112.77194213867188,101.52729034423828,70.35765075683594,520.6233520507812,688.4400024414062,83.90573120117188,2024-08-26
227.77938842773438,413.8399963378906,198.72999572753906,164.80999755859375,173.1199951171875,270.7200012207031,585.2745971679688,128.28903198242188,150.5,220.17999267578125,111.64978790283203,101.27925109863281,71.0131607055664,518.605224609375,695.719970703125,84.9112548828125,2024-08-27
226.2410888671875,410.6000061035156,198.4600067138672,165.52999877929688,170.8000030517578,269.19000244140625,586.4603881835938,125.59925842285156,146.36000061035156,221.2899932861328,111.37173461914062,101.39830780029297,71.26145935058594,516.2874755859375,683.8400268554688,82.42235565185547,2024-08-28
229.53746032714844,413.1199951171875,198.89999389648438,167.8699951171875,172.1199951171875,274.32000732421875,589.479736328125,117.57994079589844,145.49000549316406,222.2100067138672,113.57633209228516,101.79517364501953,71.55941772460938,517.72607421875,692.47998046875,82.89026641845703,2024-08-29
228.7483367919922,417.1400146484375,202.1300048828125,169.57000732421875,178.5,276.3699951171875,588.1145629882812,119.35979461669922,148.55999755859375,224.8000030517578,113.00035095214844,102.79724884033203,71.97655487060547,520.8131713867188,701.3499755859375,82.94999694824219,2024-08-30
222.52517700195312,409.44000244140625,201.27999877929688,164.1199951171875,176.25,278.5400085449219,596.5645751953125,107.99076080322266,136.94000244140625,220.3000030517578,109.08769226074219,98.49128723144531,72.51287841796875,511.2722473144531,675.3200073242188,81.31999969482422,2024-09-03
220.6072998046875,408.8999938964844,204.11000061035156,164.0399932861328,173.3300018310547,280.489990234375,602.045166015625,106.20091247558594,140.8699951171875,219.3300018310547,107.806640625,99.36439514160156,72.0659408569336,512.2512817382812,679.6799926757812,81.0199966430664,2024-09-04
222.13560485839844,408.3900146484375,202.58999633789062,163.5500030517578,177.88999938964844,278.6199951171875,593.3858642578125,107.2008285522461,139.44000244140625,217.6300048828125,106.704345703125,98.77901458740234,70.68540954589844,516.3673706054688,683.6199951171875,80.83000183105469,2024-09-05
220.57733154296875,401.70001220703125,200.74000549316406,160.8699951171875,171.38999938964844,279.3699951171875,594.77099609375,102.82120513916016,134.35000610351562,212.4600067138672,105.28427124023438,95.83231353759766,70.65560913085938,499.7931823730469,665.77001953125,80.62999725341797,2024-09-06
220.66722106933594,405.7200012207031,203.52999877929688,162.72000122070312,175.39999389648438,285.6099853515625,592.0007934570312,106.46089172363281,138.14999389648438,216.80999755859375,104.8671875,97.40984344482422,71.36077880859375,504.30889892578125,675.4199829101562,79.48999786376953,2024-09-09
219.86810302734375,414.20001220703125,205.32000732421875,163.97999572753906,179.5500030517578,285.3399963378906,596.9133911132812,108.09075164794922,142.83999633789062,205.55999755859375,103.27828979492188,95.8620834350586,71.06282043457031,504.30889892578125,673.6199951171875,78.08999633789062,2024-09-10
222.41529846191406,423.0400085449219,209.88999938964844,164.7899932861328,184.52000427246094,283.9599914550781,587.6661376953125,116.9000015258789,149.86000061035156,207.22999572753906,101.85821533203125,96.26885986328125,70.59602355957031,511.3421630859375,681.469970703125,78.4000015258789,2024-09-11
222.52517700195312,427.0,211.61000061035156,167.72999572753906,187.0,285.3699951171875,586.3408203125,119.13999938964844,150.77000427246094,206.60000610351562,102.18592071533203,95.88191986083984,70.74500274658203,525.0990600585938,686.7999877929688,78.4000015258789,2024-09-12
222.25547790527344,430.5899963378906,214.7899932861328,168.97999572753906,186.49000549316406,287.3500061035156,592.2200317382812,119.0999984741211,152.30999755859375,204.32000732421875,102.7817611694336,97.47929382324219,71.41000366210938,524.1199951171875,697.0599975585938,79.01000213623047,2024-09-13
216.082275390625,431.3399963378906,217.16000366210938,170.19000244140625,184.88999938964844,290.4800109863281,589.1400146484375,116.77999877929688,152.0800018310547,207.86000061035156,104.81753540039062,99.30485534667969,72.0999984741211,533.280029296875,696.5,79.80000305175781,2024-09-16
216.55174255371094,435.1499938964844,214.1300048828125,174.1300048828125,186.8800048828125,291.55999755859375,577.9600219726562,115.58999633789062,150.82000732421875,209.25,107.53852081298828,99.05681610107422,71.80000305175781,536.3200073242188,706.9099731445312,80.63999938964844,2024-09-17
220.4474639892578,430.80999755859375,214.94000244140625,173.72000122070312,186.42999267578125,288.4800109863281,580.6500244140625,113.37000274658203,148.2899932861328,207.52999877929688,107.8662338256836,98.52106475830078,71.75,537.9500122070312,690.469970703125,80.9000015258789,2024-09-18
228.61846923828125,438.69000244140625,213.88999938964844,178.24000549316406,189.8699951171875,285.239990234375,577.0700073242188,117.87000274658203,156.74000549316406,210.47999572753906,109.7828369140625,99.9398422241211,70.62000274658203,559.0999755859375,704.3200073242188,80.9800033569336,2024-09-19
227.94920349121094,435.2699890136719,217.6999969482422,179.22000122070312,191.60000610351562,284.7699890136719,575.0,116.0,155.9499969482422,211.08999633789062,109.10755920410156,101.66619110107422,71.63999938964844,561.3499755859375,701.030029296875,86.5199966430664,2024-09-20
226.2211151123047,433.510009765625,220.5,179.32000732421875,193.8800048828125,288.6300048828125,573.4099731445312,116.26000213623047,156.75,211.44000244140625,108.92880249023438,101.66619110107422,71.7300033569336,564.4099731445312,705.3699951171875,86.19999694824219,2024-09-23
227.1201171875,429.1700134277344,220.97000122070312,180.6199951171875,193.9600067138672,272.7799987792969,575.1900024414062,120.87000274658203,158.32000732421875,211.58999633789062,108.15422058105469,101.77532958984375,71.33000183105469,563.3300170898438,722.260009765625,87.45999908447266,2024-09-24
226.1212158203125,432.1099853515625,221.22999572753906,181.86000061035156,192.52999877929688,269.6300048828125,576.3099975585938,123.51000213623047,162.02000427246094,210.19000244140625,104.99628448486328,101.5372085571289,71.44999694824219,568.3099975585938,721.5599975585938,88.0,2024-09-25
227.26995849609375,431.30999755859375,223.42999267578125,182.27000427246094,191.16000366210938,271.69000244140625,574.8099975585938,124.04000091552734,167.49000549316406,209.77999877929688,101.60001373291016,103.77947998046875,71.4000015258789,567.8400268554688,711.4299926757812,89.38999938964844,2024-09-26
227.53965759277344,428.0199890136719,220.83999633789062,182.27000427246094,187.97000122070312,275.1700134277344,581.8499755859375,121.4000015258789,164.35000610351562,210.5,103.99329376220703,103.29332733154297,71.79000091552734,567.3599853515625,707.3499755859375,89.44000244140625,2024-09-27
232.7439422607422,430.29998779296875,221.0800018310547,181.77000427246094,186.3300018310547,274.95001220703125,584.6799926757812,121.44000244140625,164.0800018310547,210.86000061035156,104.54940795898438,103.42230224609375,71.86000061035156,572.4400024414062,709.27001953125,88.4000015258789,2024-09-30
225.96141052246094,420.69000244140625,219.35000610351562,181.4499969482422,185.1300048828125,277.6000061035156,583.2999877929688,117.0,159.75,207.0399932861328,108.61102294921875,103.60089111328125,71.70999908447266,576.469970703125,706.1300048828125,89.12999725341797,2024-10-01
226.53077697753906,417.1300048828125,219.72999572753906,181.22000122070312,184.75999450683594,277.0,592.3099975585938,118.8499984741211,159.77999877929688,207.2899932861328,109.59415435791016,103.70010375976562,71.01000213623047,572.8099975585938,711.0900268554688,83.0999984741211,2024-10-02
225.42198181152344,416.5400085449219,222.72000122070312,180.35000610351562,181.9600067138672,276.8599853515625,592.75,122.8499984741211,162.85000610351562,205.22999572753906,111.63985443115234,103.74971771240234,70.5199966430664,582.77001953125,706.7999877929688,82.0999984741211,2024-10-03
226.55075073242188,416.05999755859375,226.0,183.3000030517578,186.50999450683594,277.92999267578125,591.2000122070312,124.91999816894531,170.89999389648438,211.22000122070312,113.74514770507812,107.03375244140625,70.16999816894531,595.9400024414062,719.7000122070312,82.25,2024-10-04
221.4463653564453,409.5400085449219,227.1199951171875,182.0500030517578,180.8000030517578,273.7900085449219,583.5599975585938,127.72000122070312,170.97000122070312,210.92999267578125,113.92389678955078,106.79563903808594,69.01000213623047,584.780029296875,701.9199829101562,80.83000183105469,2024-10-07
225.52188110351562,414.7099914550781,228.6199951171875,181.99000549316406,182.72000122070312,274.9599914550781,581.5800170898438,132.88999938964844,172.8000030517578,210.75,110.0311050415039,106.64681243896484,69.18000030517578,592.8900146484375,721.760009765625,80.7699966430664,2024-10-08
229.28773498535156,417.4599914550781,234.3000030517578,184.22000122070312,185.1699981689453,276.92999267578125,591.219970703125,132.64999389648438,171.02000427246094,213.4199981689453,110.19992065429688,108.18465423583984,69.56999969482422,590.510009765625,727.4299926757812,82.44999694824219,2024-10-09
228.7882843017578,415.8399963378906,233.02000427246094,184.00999450683594,186.64999389648438,277.4700012207031,597.7000122070312,134.80999755859375,164.17999267578125,212.83999633789062,111.08374786376953,107.23218536376953,69.25,583.8300170898438,730.2899780273438,82.0999984741211,2024-10-10
227.2999267578125,416.32000732421875,233.25999450683594,187.9499969482422,188.82000732421875,277.8399963378906,598.0499877929688,134.8000030517578,167.88999938964844,222.2899932861328,109.72325134277344,109.59351348876953,69.56999969482422,589.9500122070312,722.7899780273438,82.1500015258789,2024-10-11
231.04580688476562,419.1400146484375,235.25999450683594,188.3699951171875,187.5399932861328,280.67999267578125,605.4000244140625,138.07000732421875,165.27000427246094,221.47999572753906,108.7103271484375,111.39923858642578,70.33999633789062,590.4199829101562,713.0,81.5999984741211,2024-10-14
233.59300231933594,418.739990234375,232.9600067138672,187.25,187.69000244140625,279.2900085449219,556.2899780273438,131.60000610351562,156.63999938964844,222.38999938964844,104.47988891601562,111.33971405029297,70.33999633789062,586.27001953125,705.97998046875,82.12000274658203,2024-10-15
231.5252685546875,416.1199951171875,233.6699981689453,189.77000427246094,186.88999938964844,287.5199890136719,571.3400268554688,135.72000122070312,156.1300048828125,223.63999938964844,104.43024444580078,118.57252502441406,70.56999969482422,576.7899780273438,702.0,83.94000244140625,2024-10-16
231.89486694335938,416.7200012207031,232.8800048828125,189.99000549316406,187.52999877929688,290.3900146484375,566.030029296875,136.92999267578125,156.25,224.4199981689453,105.41336822509766,118.5030746459961,69.9000015258789,576.9299926757812,687.6500244140625,83.4000015258789,2024-10-17
234.74172973632812,418.1600036621094,232.1999969482422,191.14999389648438,188.99000549316406,290.6199951171875,569.6099853515625,138.0,155.97000122070312,225.3699951171875,104.93669891357422,120.11036682128906,70.44000244140625,576.469970703125,763.8900146484375,82.91999816894531,2024-10-18
236.22010803222656,418.7799987792969,231.75,189.97000122070312,189.07000732421875,286.8500061035156,571.469970703125,143.7100067138672,157.89999389648438,223.0,104.26141357421875,117.3521728515625,69.44999694824219,575.1599731445312,772.0700073242188,81.4800033569336,2024-10-21
235.60079956054688,427.510009765625,232.25,189.7100067138672,189.6999969482422,284.7900085449219,569.8599853515625,143.58999633789062,154.08999633789062,224.1199951171875,104.27134704589844,117.39186096191406,69.44999694824219,582.010009765625,764.239990234375,81.41999816894531,2024-10-22
230.5063934326172,424.6000061035156,232.75,187.33999633789062,184.7100067138672,283.760009765625,564.6400146484375,139.55999755859375,152.91000366210938,223.41000366210938,103.78475189208984,117.3521728515625,68.01000213623047,563.6900024414062,749.2899780273438,80.05000305175781,2024-10-23
230.31661987304688,424.7300109863281,218.38999938964844,189.0800018310547,186.3800048828125,283.2200012207031,560.8099975585938,140.41000366210938,153.44000244140625,224.97999572753906,103.64572143554688,118.23519134521484,67.30000305175781,567.780029296875,754.5499877929688,79.04000091552734,2024-10-24
231.1556854248047,428.1499938964844,214.6699981689453,188.75999450683594,187.8300018310547,281.7300109863281,564.5599975585938,141.5399932861328,156.22999572753906,222.30999755859375,103.83440399169922,115.96315002441406,66.91999816894531,573.25,754.6799926757812,78.8499984741211,2024-10-25
233.14349365234375,426.5899963378906,212.91000366210938,190.85000610351562,188.38999938964844,284.19000244140625,565.239990234375,140.52000427246094,159.9199981689453,225.5,102.54342651367188,118.19550323486328,66.66999816894531,578.1599731445312,749.1199951171875,78.91000366210938,2024-10-28
233.41319274902344,431.95001220703125,210.42999267578125,190.08999633789062,190.8300018310547,281.8800048828125,562.1300048828125,141.25,166.25,222.89999389648438,101.60994720458984,118.36417388916016,65.55999755859375,593.280029296875,759.4400024414062,78.4000015258789,2024-10-29
229.8471221923828,432.5299987792969,204.89999389648438,189.3300018310547,192.72999572753906,290.1600036621094,562.9600219726562,139.33999633789062,148.60000610351562,224.41000366210938,102.26537322998047,116.9949951171875,65.91999816894531,591.7999877929688,753.739990234375,76.44999694824219,2024-10-30
225.66172790527344,406.3500061035156,206.72000122070312,187.97999572753906,186.39999389648438,289.8500061035156,564.5,132.75999450683594,144.07000732421875,221.9199981689453,108.77984619140625,116.25,65.30999755859375,567.5800170898438,756.030029296875,77.12999725341797,2024-10-31
222.66502380371094,410.3699951171875,208.25,186.83999633789062,197.92999267578125,290.739990234375,567.5599975585938,135.39999389648438,141.86000061035156,222.94000244140625,107.09163665771484,116.8499984741211,65.01000213623047,567.1599731445312,756.0999755859375,78.05999755859375,2024-11-01
221.76600646972656,408.4599914550781,206.32000732421875,188.8000030517578,195.77999877929688,291.8500061035156,557.77001953125,136.0500030517578,140.7100067138672,219.77999877929688,108.10456085205078,116.13999938964844,65.11000061035156,560.6799926757812,755.510009765625,77.19000244140625,2024-11-04
223.2044219970703,411.4599914550781,207.57000732421875,192.6999969482422,199.5,293.2900085449219,567.030029296875,139.91000366210938,141.66000366210938,221.49000549316406,108.45213317871094,117.80999755859375,65.37000274658203,572.4299926757812,763.9099731445312,77.9800033569336,2024-11-05
222.47523498535156,420.17999267578125,213.60000610351562,200.39999389648438,207.08999633789062,307.3999938964844,596.6900024414062,145.61000061035156,145.10000610351562,247.05999755859375,112.84146118164062,131.49000549316406,63.70000076293945,572.0499877929688,780.2100219726562,75.31999969482422,2024-11-06
227.22999572753906,425.42999267578125,213.69000244140625,198.72000122070312,210.0500030517578,305.79998779296875,605.4500122070312,148.8800048828125,149.82000732421875,236.3800048828125,111.6199951171875,128.44000244140625,63.65999984741211,591.7000122070312,796.5399780273438,75.91999816894531,2024-11-07
226.9600067138672,422.5400085449219,213.72000122070312,200.69000244140625,208.17999267578125,307.8699951171875,615.8099975585938,147.6300048828125,147.9499969482422,236.97999572753906,111.58999633789062,129.52999877929688,63.91999816894531,589.3400268554688,795.0399780273438,75.87999725341797,2024-11-08
222.1199951171875,418.70001220703125,214.72999572753906,202.2198944091797,206.52000427246094,311.42999267578125,626.510009765625,145.28329467773438,145.69000244140625,240.8800048828125,112.13999938964844,133.0,63.665000915527344,581.9949951171875,806.4000244140625,76.75,2024-11-11
