AAPL,MSFT,IBM,WAB,AMZN,V,UNH,NVDA,AMD,JPM,COP,MS,KO,META,NFLX,NKE,Date
223.98696899414062,411.9075927734375,199.82696533203125,194.1874237060547,202.61000061035156,307.4562683105469,579.65869140625,141.9392852783203,134.89999389648438,240.22470092773438,108.56440734863281,130.40843200683594,59.93729019165039,552.3432006835938,82.39600372314453,74.99591064453125,2024-11-15
226.99337768554688,412.66192626953125,202.84889221191406,194.47598266601562,201.6999969482422,309.95849609375,577.133544921875,140.10980224609375,138.92999267578125,239.95050048828125,109.95625305175781,130.13604736328125,60.05378723144531,552.6622924804688,84.70500183105469,73.26432037353516,2024-11-18
227.25218200683594,414.6767883300781,204.95448303222656,195.13262939453125,204.61000061035156,309.65069580078125,564.7520141601562,146.9678497314453,139.38999938964844,238.05072021484375,109.30864715576172,128.63800048828125,60.76247024536133,559.331298828125,87.13200378417969,72.30560302734375,2024-11-19
227.96896362304688,412.3939208984375,209.19491577148438,193.45114135742188,202.8800048828125,305.22216796875,587.753173828125,145.84817504882812,137.60000610351562,235.78860473632812,109.63728332519531,128.1029815673828,61.15079116821289,563.7473754882812,88.38500213623047,71.76753997802734,2024-11-20
227.49111938476562,410.6137390136719,216.79844665527344,197.03305053710938,198.3800048828125,307.71441650390625,584.80712890625,146.62796020507812,137.49000549316406,239.6860809326172,108.15843963623047,131.31309509277344,61.89830780029297,561.3250122070312,89.74800109863281,73.46975708007812,2024-11-21
228.83502197265625,414.7211608886719,217.35411071777344,198.14739990234375,197.1199951171875,307.7342834472656,578.3275756835938,141.9093017578125,138.35000610351562,243.39752197265625,108.01345825195312,131.02125549316406,62.05363845825195,557.3873901367188,89.77899932861328,75.71983337402344,2024-11-22
231.82151794433594,416.5013732910156,220.4345245361328,198.27674865722656,201.4499969482422,310.9812316894531,592.9701538085938,135.9810028076172,141.1300048828125,245.10145568847656,102.55237579345703,130.01931762695312,62.50020217895508,563.338623046875,86.55899810791016,77.53945922851562,2024-11-25
234.00167846679688,425.6510925292969,223.06649780273438,200.69451904296875,207.86000061035156,309.62091064453125,593.90966796875,136.88075256347656,137.72000122070312,244.7880859375,103.20963287353516,127.70413208007812,62.665245056152344,571.7421875,87.26000213623047,75.92527770996094,2024-11-26
233.8722381591797,420.67840576171875,221.20460510253906,199.0329132080078,205.74000549316406,312.4805908203125,595.4659423828125,135.3011932373047,136.24000549316406,244.61180114746094,103.79924774169922,127.63604736328125,62.548744201660156,567.4158935546875,87.73400115966797,76.6394271850586,2024-11-27
236.26145935058594,421.1458435058594,221.68228149414062,199.61000061035156,207.88999938964844,312.8578796386719,597.247314453125,138.2103729248047,137.17999267578125,244.54327392578125,104.71747589111328,128.025146484375,62.6807975769043,572.519775390625,88.68099975585938,77.06009674072266,2024-11-29
238.51126098632812,428.624755859375,221.66278076171875,198.77423095703125,210.7100067138672,314.41680908203125,595.6029663085938,138.59027099609375,142.05999755859375,241.14520263671875,102.59103393554688,127.46095275878906,62.260189056396484,590.9718017578125,89.77400207519531,77.76805877685547,2024-12-02
241.5574951171875,428.84356689453125,223.23223876953125,199.34136962890625,213.44000244140625,310.8025207519531,592.3827514648438,140.2198028564453,141.97999572753906,239.744873046875,102.5040512084961,126.88701629638672,62.13302230834961,611.7265014648438,90.21700286865234,77.54190063476562,2024-12-03
241.91587829589844,435.0295715332031,227.60914611816406,201.6795196533203,218.16000366210938,307.71441650390625,597.82470703125,145.09840393066406,143.99000549316406,238.3542938232422,100.0489730834961,126.44928741455078,60.85162353515625,611.8561401367188,91.10600280761719,77.06010437011719,2024-12-04
241.94573974609375,440.2011413574219,228.83740234375,201.9083709716797,220.5500030517578,306.9001770019531,566.68017578125,145.02841186523438,141.36000061035156,240.39117431640625,100.94788360595703,126.77030181884766,61.54612350463867,607.0213012695312,91.78700256347656,77.26658630371094,2024-12-05
241.74664306640625,441.1459655761719,232.04454040527344,204.37588500976562,227.02999877929688,308.81658935546875,537.9531860351562,142.40899658203125,138.58999633789062,242.232177734375,99.7686767578125,126.42011260986328,61.16463851928711,621.8148193359375,93.4739990234375,77.57140350341797,2024-12-06
245.63902282714844,443.58251953125,224.20703125,201.66957092285156,226.08999633789062,306.1257019042969,550.8243408203125,138.77975463867188,130.8699951171875,238.7557830810547,99.71067810058594,125.07768249511719,61.23310852050781,611.646728515625,91.36900329589844,76.34230041503906,2024-12-09
246.65443420410156,440.9072570800781,225.8837127685547,201.84866333007812,225.0399932861328,310.1769104003906,555.3145141601562,135.04058837890625,127.73999786376953,237.8254852294922,98.93742370605469,123.33644104003906,61.53634262084961,617.3787841796875,91.33499908447266,75.45733642578125,2024-12-10
245.38021850585938,446.5363464355469,224.3240203857422,202.82374572753906,230.25999450683594,311.5769958496094,524.2077026367188,139.27964782714844,130.14999389648438,238.48159790039062,98.77310943603516,124.1146469116211,61.272239685058594,630.6968383789062,93.65599822998047,77.53206634521484,2024-12-11
246.8435821533203,447.1032409667969,226.41012573242188,200.9532012939453,228.97000122070312,312.013916015625,506.7481689453125,137.31007385253906,130.60000610351562,236.52304077148438,97.5359115600586,124.42593383789062,62.44603729248047,628.812744140625,92.55500030517578,76.65695190429688,2024-12-12
247.01283264160156,444.82574462890625,225.0063934326172,198.6747283935547,227.4600067138672,312.52032470703125,511.3856506347656,134.22076416015625,126.91000366210938,234.96603393554688,97.64222717285156,123.92982482910156,61.741756439208984,618.405517578125,91.88700103759766,75.95881652832031,2024-12-13
249.90969848632812,449.12213134765625,223.55392456054688,201.2815399169922,232.92999267578125,313.66217041015625,489.78973388671875,131.9712371826172,126.69000244140625,234.6134796142578,96.24071502685547,125.51542663574219,61.1842041015625,622.7852783203125,92.10800170898438,75.9096450805664,2024-12-16
252.33872985839844,451.9764099121094,223.20298767089844,197.19224548339844,231.14999389648438,316.0552062988281,477.0365295410156,130.36160278320312,125.0199966430664,233.4187774658203,94.97452545166016,124.26055908203125,62.01564407348633,617.9964599609375,91.91300201416016,76.69627380371094,2024-12-17
246.9331817626953,434.9997253417969,214.6246337890625,189.31210327148438,220.52000427246094,307.5953063964844,490.9884338378906,128.88192749023438,121.41000366210938,225.59439086914062,92.64510345458984,117.7430648803711,61.4776496887207,595.79833984375,88.95500183105469,75.61466217041016,2024-12-18
248.6653289794922,434.6416931152344,218.28016662597656,188.60568237304688,223.2899932861328,312.6593322753906,480.7013854980469,130.65151977539062,118.87999725341797,228.13072204589844,91.99750518798828,117.2177734375,61.086387634277344,594.1820678710938,90.2040023803711,75.81131744384766,2024-12-19
253.34417724609375,434.21405029296875,217.73428344726562,192.05821228027344,224.9199981689453,315.4693603515625,491.39129638671875,134.670654296875,119.20999908447266,232.67453002929688,91.93950653076172,120.07769012451172,61.1842041015625,583.8861083984375,90.90499877929688,75.65399932861328,2024-12-20
254.12066650390625,432.8714599609375,216.3402862548828,190.4861602783203,225.05999755859375,314.9828186035156,497.49273681640625,139.6395721435547,124.5999984741211,233.44815063476562,93.15737915039062,121.06017303466797,61.01791763305664,598.4520874023438,91.1449966430664,75.47701263427734,2024-12-23
257.0375061035156,436.9291076660156,218.75784301757812,193.18252563476562,229.0500030517578,318.38861083984375,497.2569580078125,140.18946838378906,126.29000091552734,237.28688049316406,93.86297607421875,123.59908294677734,61.467872619628906,606.3336791992188,93.21199798583984,75.50650787353516,2024-12-24
257.853759765625,435.7157897949219,219.2257537841797,192.88401794433594,227.0500030517578,318.6467590332031,502.2187194824219,139.89952087402344,125.05999755859375,238.09967041015625,93.65032958984375,124.54266357421875,61.203765869140625,601.9439697265625,92.41400146484375,75.65399932861328,2024-12-26
254.439208984375,428.1772155761719,217.16888427734375,191.0334014892578,223.75,316.41265869140625,501.0789794921875,136.98016357421875,125.19000244140625,236.17051696777344,93.6793212890625,123.30725860595703,61.086387634277344,598.4121704101562,90.75499725341797,75.14268493652344,2024-12-27
251.0644989013672,422.50836181640625,214.70260620117188,189.98867797851562,221.3000030517578,313.0863037109375,498.92724609375,137.46005249023438,122.44000244140625,234.35887145996094,93.84363555908203,122.32476806640625,60.67555618286133,589.8621215820312,90.04299926757812,73.40226745605469,2024-12-30
249.29251098632812,419.1965637207031,214.29319763183594,188.63552856445312,219.38999938964844,313.8111267089844,497.0211181640625,134.26075744628906,120.79000091552734,234.7407989501953,95.85409545898438,122.29558563232422,60.90053176879883,584.1455078125,89.13200378417969,74.40522003173828,2024-12-31
242.75210571289062,416.2925109863281,214.40042114257812,188.0186309814453,220.22000122070312,312.18267822265625,495.6947326660156,138.27987670898438,120.62999725341797,235.0247802734375,96.73367309570312,121.38118743896484,60.489707946777344,597.8435668945312,88.6729965209961,72.43865203857422,2025-01-02
242.26431274414062,421.0364990234375,217.04217529296875,189.49119567871094,224.19000244140625,312.6890869140625,504.0364074707031,144.43853759765625,125.37000274658203,238.2367706298828,97.70989227294922,122.50959014892578,60.40167236328125,603.220947265625,88.1050033569336,72.08467102050781,2025-01-03
243.89691162109375,425.5118713378906,217.0616455078125,191.26223754882812,227.61000061035156,310.832275390625,504.6946716308594,149.39744567871094,129.5500030517578,237.0752716064453,96.64667510986328,125.13605499267578,59.48219680786133,628.7313842773438,88.17900085449219,70.79656982421875,2025-01-06
241.11947631835938,420.0617980957031,218.31918334960938,188.1877899169922,222.11000061035156,309.471923828125,505.2645568847656,140.10946655273438,127.33000183105469,239.35890197753906,98.27049255371094,123.42398071289062,59.511539459228516,616.4500732421875,87.91899871826172,70.88505554199219,2025-01-07
241.60726928710938,422.23980712890625,217.55880737304688,190.30706787109375,222.1300048828125,310.3953857421875,515.3551025390625,140.07948303222656,121.83999633789062,239.3195343017578,98.22217559814453,124.3772964477539,60.362548828125,609.2967529296875,87.5,70.09843444824219,2025-01-08
235.78363037109375,416.6605224609375,214.2152099609375,187.9191436767578,218.94000244140625,305.5398254394531,511.5920715332031,135.8804168701172,116.04000091552734,236.11061096191406,98.51214599609375,120.08740997314453,59.73651885986328,614.4248046875,83.76899719238281,70.00994110107422,2025-01-10
233.3446502685547,414.9101257324219,211.92437744140625,190.8741912841797,218.4600067138672,304.7554626464844,531.6847534179688,133.20098876953125,117.31999969482422,240.38259887695312,100.74490356445312,120.61270904541016,60.30385971069336,606.912353515625,84.02899932861328,70.87522888183594,2025-01-13
232.22967529296875,413.3984375,212.26556396484375,197.10269165039062,217.75999450683594,306.91015625,534.2392578125,131.73129272460938,116.08999633789062,243.5915069580078,101.3731689453125,121.22555541992188,60.685340881347656,592.8651123046875,82.83999633789062,69.98043060302734,2025-01-14
236.79901123046875,423.98028564453125,214.4881591796875,199.2816619873047,223.35000610351562,314.0494079589844,533.9248657226562,136.21034240722656,119.95999908447266,248.39503479003906,101.95310974121094,126.99403381347656,60.421234130859375,615.6818237304688,84.82599639892578,69.8821029663086,2025-01-15
227.23228454589844,422.25970458984375,217.05191040039062,198.34640502929688,220.66000366210938,315.0125732421875,501.6684875488281,133.54090881347656,118.44000244140625,250.28494262695312,102.07875061035156,132.1107635498047,60.8907585144043,609.8754272460938,84.23699951171875,69.92144012451172,2025-01-16
228.9445343017578,426.6854248046875,219.12826538085938,200.6746063232422,225.94000244140625,317.3658752441406,500.8529968261719,137.6800079345703,121.45999908447266,255.09832763671875,102.31072998046875,134.1146240234375,61.3407096862793,611.342041015625,85.80999755859375,69.65595245361328,2025-01-17
221.6375732421875,426.1583251953125,218.6116180419922,204.6146697998047,230.7100067138672,321.34759521484375,515.81689453125,140.79933166503906,122.27999877929688,258.90765380859375,100.7932357788086,133.56016540527344,61.057037353515625,615.0234375,86.96800231933594,71.94700622558594,2025-01-21
222.82223510742188,443.7616271972656,217.63677978515625,205.93797302246094,235.00999450683594,321.278076171875,510.63897705078125,147.03799438476562,123.75,258.7206115722656,99.61402130126953,132.2955780029297,60.43101501464844,622.0469970703125,95.39900207519531,72.8024673461914,2025-01-22
222.6529998779297,444.2687683105469,220.34677124023438,207.9378662109375,235.4199981689453,325.8952941894531,520.5133666992188,147.1879425048828,123.04000091552734,261.78192138671875,100.5129165649414,134.04653930664062,60.18647384643555,634.966796875,98.48600006103516,73.04828643798828,2025-01-23
221.77694702148438,441.63330078125,219.13803100585938,207.8085174560547,234.85000610351562,327.87127685546875,523.2055053710938,142.58892822265625,122.83999633789062,260.68927001953125,98.42515563964844,134.06600952148438,60.56795883178711,645.9811401367188,97.75900268554688,72.34032440185547,2025-01-24
228.82508850097656,432.1852111816406,218.48489379882812,203.3013153076172,235.4199981689453,332.1806640625,534.0231323242188,118.39421081542969,115.01000213623047,261.6834716796875,99.25639343261719,132.92787170410156,62.475379943847656,658.3422241210938,97.18900299072266,74.31672668457031,2025-01-27
237.187255859375,444.7561340332031,219.9763641357422,204.02764892578125,238.14999389648438,332.1210632324219,533.001220703125,128.9619140625,114.16999816894531,262.9532470703125,97.99019622802734,134.76638793945312,60.99835205078125,672.758544921875,97.18299865722656,73.14661407470703,2025-01-28
238.2823028564453,439.9127197265625,222.87156677246094,205.7688446044922,237.07000732421875,333.5111999511719,528.69775390625,123.67305755615234,117.3499984741211,262.4019775390625,98.16417694091797,134.93174743652344,61.458091735839844,674.9135131835938,97.81500244140625,75.30001068115234,2025-01-29
236.52027893066406,412.7221374511719,251.76499938964844,208.80348205566406,234.63999938964844,340.630615234375,536.037353515625,124.62285614013672,118.86000061035156,264.0261535644531,98.06752014160156,136.12828063964844,62.65145492553711,685.3990478515625,97.3239974975586,77.02075958251953,2025-01-30
234.93743896484375,412.791748046875,249.25973510742188,206.8732452392578,237.67999267578125,339.3894348144531,533.0110473632812,120.04385375976562,115.94999694824219,263.1107177734375,95.52545928955078,135.55538940429688,62.09389877319336,687.573974609375,97.6760025024414,75.61466217041016,2025-01-31
226.98341369628906,408.67437744140625,254.16305541992188,203.60975646972656,237.4199981689453,343.381103515625,538.6016845703125,116.63459777832031,114.2699966430664,262.6283874511719,95.18716430664062,134.31178283691406,61.966732025146484,695.8345947265625,97.89399719238281,75.30984497070312,2025-02-03
231.75186157226562,410.116455078125,257.79913330078125,205.05245971679688,242.05999755859375,342.7157897949219,535.9193725585938,118.62416076660156,119.5,263.7406921386719,97.21694946289062,133.9298858642578,61.30158233642578,702.5489501953125,99.48699951171875,75.43767547607422,2025-02-04
231.42332458496094,411.0314636230469,256.6683044433594,206.19668579101562,236.1699981689453,346.9755554199219,530.3779907226562,124.80281066894531,112.01000213623047,266.1916809082031,96.85932159423828,136.04501342773438,61.741756439208984,703.2274169921875,101.11100006103516,73.3236083984375,2025-02-05
232.16995239257812,413.5475769042969,247.05667114257812,206.44540405273438,238.8300018310547,345.0293884277344,520.7786254882812,128.65194702148438,110.16000366210938,272.56024169921875,96.59835052490234,138.15037536621094,61.97651672363281,710.3307495117188,101.56800079345703,70.54090881347656,2025-02-06
226.60513305664062,407.5107727050781,245.98435974121094,205.75889587402344,229.14999389648438,345.5655822753906,517.8212890625,129.81170654296875,107.55999755859375,271.4775085449219,95.07117462158203,137.07321166992188,62.44603729248047,712.8548583984375,101.39299774169922,67.53205871582031,2025-02-07
226.8741912841797,409.96728515625,244.6105499267578,207.32098388671875,233.13999938964844,348.7529602050781,524.050537109375,133.54090881347656,110.4800033569336,266.7921142578125,96.15373229980469,134.45864868164062,63.140533447265625,715.7281494140625,102.76000213623047,69.75428009033203,2025-02-10
231.82725524902344,409.1915283203125,249.9390411376953,207.07223510742188,232.75999450683594,348.83251953125,524.5908813476562,132.77108764648438,111.0999984741211,270.68017578125,98.30915832519531,134.92869567871094,66.12393188476562,718.12255859375,100.80799865722656,70.14759063720703,2025-02-11
236.06277465820312,406.8046569824219,251.02828979492188,188.317138671875,228.92999267578125,349.5983581542969,518.184814453125,131.11143493652344,111.72000122070312,271.1330261230469,95.10983276367188,134.2628173828125,67.2096939086914,723.6895751953125,102.73100280761719,71.0522232055664,2025-02-12
240.70689392089844,408.29644775390625,254.34512329101562,195.4908447265625,230.3699951171875,353.71612548828125,521.898681640625,135.26052856445312,111.80999755859375,271.9893798828125,93.65999603271484,133.9984130859375,67.98245239257812,726.8621826171875,104.36900329589844,71.98634338378906,2025-02-13
243.7664337158203,406.1979675292969,256.39605712890625,187.24258422851562,228.67999267578125,351.9058837890625,514.3627319335938,138.81976318359375,113.0999984741211,272.255126953125,93.7964096069336,136.06460571289062,67.36620330810547,734.9532470703125,105.86000061035156,71.81917572021484,2025-02-14
243.6368865966797,407.4013977050781,258.1526184082031,187.33212280273438,226.64999389648438,354.8102111816406,491.9808044433594,139.36964416503906,114.27999877929688,275.5625,94.95594787597656,137.78807067871094,67.54228210449219,714.7005615234375,103.58499908447266,76.29312896728516,2025-02-18
244.03550720214844,412.5033264160156,259.3792419433594,192.3467559814453,226.6300048828125,353.3182678222656,502.11065673828125,139.19967651367188,114.69000244140625,274.8734436035156,97.02169036865234,137.7684783935547,68.54000091552734,702.1300048828125,104.33300018310547,75.49666595458984,2025-02-19
244.9922637939453,414.6857604980469,259.7913818359375,191.14283752441406,222.8800048828125,348.603759765625,493.64129638671875,140.07948303222656,114.16999816894531,262.6185607910156,99.3895034790039,131.5503387451172,68.51065826416016,693.220703125,102.4540023803711,75.93914794921875,2025-02-20
244.71319580078125,406.793212890625,256.5923156738281,183.9398651123047,216.5800018310547,346.6543273925781,458.2702941894531,134.4007110595703,110.83999633789062,260.09869384765625,95.43341827392578,128.95535278320312,69.79204559326172,681.9570922851562,100.31500244140625,75.22135162353516,2025-02-21
246.25791931152344,402.59783935546875,256.97503662109375,181.3197021484375,212.7100067138672,347.9771423339844,453.4559020996094,130.2516326904297,108.11000061035156,257.2441101074219,96.2908935546875,127.27108001708984,69.04863739013672,666.572998046875,98.84700012207031,78.93816375732422,2025-02-24
246.1981201171875,396.5190124511719,252.9320526123047,181.36952209472656,212.8000030517578,350.1951599121094,462.1611022949219,126.60242462158203,103.95999908447266,253.36587524414062,94.59542846679688,126.90876770019531,69.92899322509766,655.9677734375,97.7239990234375,80.3541030883789,2025-02-25
239.5408935546875,398.3426818847656,251.05772399902344,182.3159637451172,214.35000610351562,348.7430114746094,455.4897155761719,131.2514190673828,104.73999786376953,254.73411560058594,93.66973876953125,128.3286590576172,69.25406646728516,672.1300048828125,99.00599670410156,79.81329345703125,2025-02-26
236.49131774902344,391.1676330566406,248.49652099609375,180.5127410888672,208.74000549316406,353.8255310058594,460.3728942871094,120.12384033203125,99.51000213623047,254.99002075195312,94.87800598144531,126.55624389648438,69.3225326538086,656.7059936523438,96.30699920654297,78.68251037597656,2025-02-27
241.01583862304688,395.6121520996094,247.72128295898438,184.66714477539062,212.27999877929688,360.75799560546875,466.6610412597656,124.89279174804688,99.86000061035156,260.5022277832031,96.6124496459961,130.3458709716797,69.65511322021484,666.642822265625,98.05599975585938,78.10237884521484,2025-02-28
237.21881103515625,387.14166259765625,245.5133514404297,180.9709930419922,205.02000427246094,359.872802734375,458.8892517089844,114.03515625,98.2300033569336,256.535400390625,90.25931549072266,126.44853973388672,70.7408676147461,653.5234985351562,97.37000274658203,77.48965454101562,2025-03-03
235.1259765625,387.26123046875,248.47691345214844,176.98594665527344,203.8000030517578,350.3344421386719,466.317138671875,115.96473693847656,100.75,246.32794189453125,88.32024383544922,119.19239807128906,68.65738677978516,638.508544921875,97.25800323486328,76.4124526977539,2025-03-04
234.93663024902344,399.628173828125,246.65167236328125,179.21759033203125,208.36000061035156,350.7819519042969,467.66326904296875,117.27445983886719,101.66999816894531,247.58787536621094,86.60527801513672,121.18024444580078,68.54978942871094,654.940185546875,99.09200286865234,76.89669799804688,2025-03-05
234.5280303955078,395.5125427246094,244.04139709472656,176.92617797851562,200.6999969482422,342.3078308105469,479.1981201171875,110.5459213256836,98.8499984741211,242.6760711669922,86.33245086669922,116.89120483398438,68.9214859008789,626.4666137695312,90.63600158691406,76.79786682128906,2025-03-06
238.2552947998047,391.9449462890625,256.6512145996094,178.61981201171875,199.25,343.46160888671875,484.8575134277344,112.66545867919922,100.30999755859375,238.48284912109375,88.31050109863281,116.81285858154297,69.87030029296875,624.201904296875,89.11100006103516,77.66754150390625,2025-03-07
226.70477294921875,378.840576171875,252.09791564941406,174.843994140625,194.5399932861328,339.6423034667969,473.8455810546875,106.95669555664062,96.62999725341797,228.58053588867188,90.52240753173828,109.37068176269531,69.8898696899414,596.596435546875,86.66799926757812,75.50325012207031,2025-03-10
220.08740234375,379.1296081542969,244.29652404785156,175.26243591308594,196.58999633789062,330.3525390625,479.5883483886719,108.73631286621094,96.76000213623047,225.54879760742188,92.96817016601562,109.71341705322266,69.48882293701172,604.2985229492188,89.51000213623047,73.2994155883789,2025-03-11
216.2405548095703,381.9397888183594,244.9638214111328,175.3421173095703,198.88999938964844,331.0487365722656,474.7237854003906,115.7254409790039,100.79000091552734,224.32821655273438,95.24827575683594,111.63270568847656,68.41284942626953,618.1162109375,91.96800231933594,72.71634674072266,2025-03-12
208.96542358398438,377.45538330078125,241.20541381835938,175.59120178222656,193.88999938964844,326.7818298339844,475.1283264160156,115.56546020507812,98.11000061035156,221.6606903076172,93.72820281982422,109.36089324951172,68.09982299804688,589.2636108398438,89.01699829101562,71.7873764038086,2025-03-13
212.762451171875,387.21142578125,243.70774841308594,178.02206420898438,197.9499969482422,330.0143737792969,482.1636657714844,121.65469360351562,100.97000122070312,228.7970733642578,96.41755676269531,112.94487762451172,68.14910125732422,606.7233276367188,91.80000305175781,70.81888580322266,2025-03-14
213.27072143554688,387.3509521484375,248.24139404296875,181.19017028808594,195.74000549316406,332.7495422363281,492.3960266113281,119.51496124267578,104.58999633789062,230.26370239257812,96.81707000732422,115.51048278808594,69.0950698852539,604.0272827148438,95.00199890136719,72.8349380493164,2025-03-17
211.96519470214844,382.1889343261719,242.3339080810547,181.07061767578125,192.82000732421875,332.9683837890625,497.1125793457031,115.41547393798828,103.51000213623047,231.28741455078125,97.95712280273438,115.65736389160156,68.36588287353516,581.5197143554688,92.99800109863281,72.44951629638672,2025-03-18
214.50648498535156,386.4739990234375,247.5740966796875,184.90625,195.5399932861328,338.0409240722656,496.52056884765625,117.50520324707031,106.2300033569336,235.36253356933594,98.73666381835938,117.36123657226562,68.26734161376953,583.2173461914062,95.9489974975586,72.13327026367188,2025-03-19
213.37039184570312,385.4974060058594,238.7717742919922,184.7169647216797,194.9499969482422,337.6729431152344,504.5130310058594,118.51508331298828,107.13999938964844,235.2640838623047,99.69157409667969,117.9683609008789,68.69105529785156,585.1544799804688,95.08399963378906,71.01653289794922,2025-03-20
217.52618408203125,389.9020690917969,239.3114776611328,184.0893096923828,196.2100067138672,333.8536071777344,509.98931884765625,117.68518829345703,106.44000244140625,237.84303283691406,99.31155395507812,117.64520263671875,67.666259765625,595.3897094726562,96.02899932861328,67.14254760742188,2025-03-21
219.977783203125,391.7157287597656,243.8058624267578,188.15406799316406,203.25999450683594,342.0193786621094,509.6440124511719,121.39472961425781,113.8499984741211,244.17227172851562,99.57464599609375,121.68944549560547,67.94216918945312,617.9570922851562,97.1989974975586,66.5989990234375,2025-03-24
222.9875030517578,393.7885437011719,245.228759765625,188.8913116455078,205.7100067138672,342.765380859375,506.6147766113281,120.67481994628906,114.80999755859375,247.1941680908203,99.92543029785156,122.60012817382812,67.80420684814453,625.4063720703125,99.72799682617188,65.75897979736328,2025-03-25
220.77505493164062,388.6165466308594,245.66055297851562,186.98843383789062,201.1300048828125,342.32769775390625,511.3214416503906,113.74568939208984,110.19000244140625,247.09571838378906,100.55879211425781,119.66242980957031,68.99652099609375,610.0984497070312,97.06500244140625,64.96836853027344,2025-03-26
223.087158203125,389.2243957519531,241.6077423095703,186.2213134765625,201.36000061035156,347.9771423339844,508.8743591308594,111.41597747802734,106.6500015258789,244.23130798339844,100.18851470947266,116.52887725830078,69.70600128173828,601.7105712890625,97.6719970703125,65.02767181396484,2025-03-27
217.1574249267578,377.48529052734375,239.4390411376953,181.1104736328125,192.72000122070312,341.0048828125,509.1900939941406,109.65619659423828,103.22000122070312,239.04393005371094,99.75003814697266,112.93509674072266,69.34141540527344,575.9078369140625,93.38500213623047,62.5471305847168,2025-03-28
221.37301635742188,374.087158203125,244.011962890625,180.67213439941406,190.25999450683594,348.57391357421875,516.7977905273438,108.36636352539062,102.73999786376953,241.45553588867188,102.33221435546875,114.24726867675781,70.5731430053711,575.5284423828125,93.25299835205078,62.73489761352539,2025-03-31
222.42941284179688,380.863525390625,245.66055297851562,182.97349548339844,192.1699981689453,344.4860534667969,516.1761474609375,110.13614654541016,102.77999877929688,239.8412322998047,102.6927490234375,113.3365707397461,70.81948852539062,585.1544799804688,92.83799743652344,63.999874114990234,2025-04-01
223.1270294189453,380.813720703125,245.30726623535156,185.21510314941406,196.00999450683594,344.46612548828125,516.2550659179688,110.4061050415039,102.95999908447266,241.96737670898438,103.38456726074219,116.79327392578125,70.2873764038086,583.0874633789062,93.552001953125,64.19752502441406,2025-04-02
202.49754333496094,371.8150329589844,238.9385986328125,172.93116760253906,178.41000366210938,337.56353759765625,533.2662353515625,101.78720092773438,93.80000305175781,225.10585021972656,92.81226348876953,105.68875885009766,72.11033630371094,530.8529663085938,91.70500183105469,54.92762756347656,2025-04-03
187.738037109375,358.5910949707031,223.22784423828125,160.34837341308594,171.0,311.44482421875,518.0805053710938,94.29813385009766,85.76000213623047,208.25930786132812,84.08157348632812,97.75696563720703,68.90784454345703,504.00177001953125,85.58599853515625,56.57802200317383,2025-04-04
180.84161376953125,356.61798095703125,221.55963134765625,160.81661987304688,175.25999450683594,310.6391906738281,517.7351684570312,97.6277084350586,83.63999938964844,212.37933349609375,83.47743225097656,98.8243179321289,67.37064361572266,515.505126953125,86.78299713134766,54.957271575927734,2025-04-07
171.8323974609375,353.3294372558594,216.89842224121094,159.62112426757812,170.66000366210938,306.6109619140625,545.7384643554688,96.28788757324219,78.20999908447266,214.7859649658203,80.54447937011719,98.22698974609375,67.41991424560547,509.7135314941406,87.04000091552734,52.644737243652344,2025-04-08
198.17234802246094,389.1347351074219,230.91148376464844,175.16281127929688,191.10000610351562,330.64093017578125,570.821044921875,114.31561279296875,96.83999633789062,232.0880889892578,89.16797637939453,109.3804702758789,68.92754364013672,584.9248657226562,94.5469970703125,58.623722076416016,2025-04-09
189.7710723876953,380.0264587402344,225.2591552734375,168.03952026367188,181.22000122070312,322.8630676269531,586.5099487304688,107.55646514892578,88.69999694824219,224.9275665283203,81.1583480834961,104.36679077148438,69.72571563720703,545.5018310546875,92.11699676513672,53.761474609375,2025-04-10
197.47471618652344,387.101806640625,231.07830810546875,171.10800170898438,184.8699951171875,331.6057434082031,591.5126342773438,110.9160385131836,93.4000015258789,233.9302215576172,84.17901611328125,105.87481689453125,70.38591766357422,542.7857666015625,91.8290023803711,53.751590728759766,2025-04-11
201.82984924316406,386.4640197753906,234.59140014648438,172.63230895996094,182.1199951171875,333.37615966796875,579.2673950195312,110.6960678100586,94.5,232.4644317626953,84.23748016357422,106.84425354003906,71.39100646972656,530.713134765625,93.12799835205078,54.759620666503906,2025-04-14
201.4511260986328,384.3912658691406,236.2007293701172,171.9448699951172,179.58999633789062,334.00274658203125,575.843505859375,112.18588256835938,95.29000091552734,230.88973999023438,83.52616882324219,108.1466293334961,70.80963134765625,520.767578125,97.62799835205078,54.186431884765625,2025-04-15
193.6079559326172,370.32025146484375,234.11056518554688,169.07565307617188,174.3300018310547,329.546875,577.274169921875,104.47685241699219,88.29000091552734,227.40354919433594,84.1497802734375,105.62020874023438,70.63226318359375,501.58526611328125,96.16300201416016,52.921451568603516,2025-04-16
196.3087158203125,366.5035400390625,234.34605407714844,170.29107666015625,172.61000061035156,327.83612060546875,448.0821533203125,101.47722625732422,87.5,229.73097229003906,86.7027359008789,106.91280364990234,71.93296813964844,500.7564697265625,97.3030014038086,55.105506896972656,2025-04-17
192.50173950195312,357.87359619140625,231.80447387695312,166.435546875,167.32000732421875,318.3773193359375,419.6842041015625,96.89781188964844,85.55999755859375,226.7895050048828,85.309326171875,104.09261322021484,71.70632934570312,483.9607238769531,98.79100036621094,55.46128463745117,2025-04-21
199.059326171875,365.5469055175781,236.39698791503906,171.1179656982422,173.17999267578125,329.6164855957031,421.5096130371094,98.87755584716797,86.26000213623047,233.32608032226562,87.4627685546875,108.08788299560547,72.81981658935547,499.5581970214844,104.03399658203125,56.39025115966797,2025-04-22
203.9027557373047,373.09063720703125,240.89138793945312,181.28981018066406,180.60000610351562,332.57049560546875,422.2792663574219,102.69707489013672,90.38999938964844,238.56524658203125,87.62841796875,109.97779846191406,72.22858428955078,519.5193481445312,104.95899963378906,56.71637725830078,2025-04-23
207.65989685058594,385.9557800292969,225.04327392578125,184.6870574951172,186.5399932861328,333.9033203125,418.6185302734375,106.4166030883789,94.47000122070312,242.2891082763672,89.4505615234375,113.1994857788086,71.4599838256836,532.3807983398438,109.68699645996094,57.793582916259766,2025-04-24
208.56680297851562,390.4900207519531,228.06570434570312,183.3421173095703,188.99000549316406,333.3662414550781,413.0830078125,110.99604034423828,96.6500015258789,241.2095947265625,89.37260437011719,113.6009750366211,70.8589096069336,546.4804077148438,110.15299987792969,56.94367599487305,2025-04-25
209.4238739013672,389.80242919921875,231.74560546875,182.54510498046875,187.6999969482422,335.693603515625,414.4249572753906,108.71631622314453,96.38999938964844,240.88275146484375,90.5516357421875,113.42471313476562,70.74066162109375,548.9468383789062,111.03800201416016,56.63732147216797,2025-04-28
210.490234375,392.67242431640625,234.9152374267578,183.67088317871094,187.38999938964844,339.6820068359375,403.79791259765625,109.00627899169922,96.05999755859375,242.26930236816406,89.52850341796875,113.79681396484375,71.29246520996094,553.6400756835938,112.56400299072266,56.864620208740234,2025-04-29
211.7758331298828,393.88818359375,237.29981994628906,184.04946899414062,184.4199981689453,343.640625,405.97857666015625,108.90629577636719,97.3499984741211,242.26930236816406,86.83914184570312,113.9300765991211,71.48954772949219,548.2078857421875,113.1719970703125,55.73800277709961,2025-04-30
212.59304809570312,423.9235534667969,235.18017578125,186.2213134765625,190.1999969482422,340.6070556640625,395.36138916015625,111.59595489501953,96.6500015258789,244.5175018310547,88.32998657226562,115.25277709960938,70.24796295166016,571.3843994140625,113.34700012207031,56.093772888183594,2025-05-01
204.65020751953125,433.769287109375,240.9600830078125,190.6746063232422,189.97999572753906,345.72930908203125,394.61151123046875,114.485595703125,98.80000305175781,250.08348083496094,89.07054138183594,118.6681137084961,70.60269927978516,596.15869140625,115.64900207519531,57.90229415893555,2025-05-02
198.21221923828125,434.65618896484375,244.52223205566406,190.0768280029297,186.35000610351562,346.76373291015625,399.43658447265625,113.80567932128906,100.58999633789062,250.1330108642578,85.36779022216797,118.05611419677734,70.65196990966797,598.4053955078125,113.40599822998047,56.676849365234375,2025-05-05
197.83351135253906,431.8061218261719,244.4633331298828,188.48281860351562,185.00999450683594,345.82879638671875,389.2733154296875,113.52571868896484,98.62000274658203,246.8548126220703,85.38727569580078,116.8025131225586,70.67167663574219,586.462646484375,113.76899719238281,56.370487213134766,2025-05-06
195.58120727539062,431.8459777832031,248.63389587402344,188.9909210205078,188.7100067138672,347.96722412109375,385.86907958984375,117.04527282714844,100.36000061035156,246.99346923828125,85.4652328491211,117.56256866455078,71.34173583984375,595.9489135742188,115.54100036621094,57.931941986083984,2025-05-07
196.81698608398438,436.6492614746094,249.38951110839844,191.0332489013672,192.0800018310547,349.37957763671875,380.4322204589844,117.35523986816406,101.69999694824219,251.0342559814453,86.54682922363281,120.30667877197266,70.12971496582031,597.147216796875,114.44300079345703,58.218536376953125,2025-05-08
197.8534393310547,437.2073059082031,246.16915893554688,191.90000915527344,193.05999755859375,350.64276123046875,375.5874328613281,116.63532257080078,102.83999633789062,250.64801025390625,86.32270812988281,120.1290054321289,69.48921966552734,591.6351928710938,114.02200317382812,57.61569595336914,2025-05-09
210.34713745117188,447.7007751464844,250.60455322265625,200.2387237548828,208.63999938964844,353.9349060058594,373.72247314453125,122.98452758789062,108.12000274658203,257.551025390625,89.90853118896484,125.41981506347656,68.51368713378906,638.5073852539062,111.0,61.845458984375,2025-05-12
212.48263549804688,447.5812072753906,255.44496154785156,203.08802795410156,211.3699951171875,354.8116760253906,307.24676513671875,129.9136505126953,112.45999908447266,260.48260498046875,91.75989532470703,127.68026733398438,67.95201873779297,655.08349609375,113.84400177001953,61.65768814086914,2025-05-13
211.88389587402344,451.36798095703125,254.684326171875,203.01829528808594,210.25,355.13043212890625,303.9215087890625,135.32296752929688,117.72000122070312,263.08734130859375,90.20084381103516,129.34841918945312,68.14910125732422,658.4086303710938,115.0989990234375,61.005435943603516,2025-05-14
211.00575256347656,452.3863220214844,263.4365539550781,203.47657775878906,205.1699981689453,360.9486389160156,270.70831298828125,134.8130340576172,114.98999786376953,264.9195251464844,90.58087158203125,130.79946899414062,70.56328582763672,642.9509887695312,117.7979965209961,61.66757583618164,2025-05-15
210.81614685058594,453.5244445800781,263.515625,204.92115783691406,205.58999633789062,363.7581481933594,288.03521728515625,135.38296508789062,117.16999816894531,264.9888610839844,90.0644302368164,130.4737091064453,70.94758605957031,639.4161376953125,119.15299987792969,62.369239807128906,2025-05-16
208.3413543701172,458.11688232421875,265.1455078125,206.38565063476562,206.16000366210938,366.52777099609375,311.6968994140625,135.55294799804688,114.73999786376953,262.3346252441406,88.84589385986328,129.15101623535156,70.87860870361328,639.5059814453125,119.16400146484375,61.35133361816406,2025-05-19
206.42539978027344,457.4180603027344,263.70330810546875,203.9846649169922,204.07000732421875,365.47174072265625,317.31134033203125,134.36309814453125,113.51000213623047,263.1269226074219,88.13834381103516,127.46310424804688,70.64212036132812,636.1807861328125,119.2020034790039,61.8256950378418,2025-05-20
201.6654052734375,451.8272399902344,257.6972351074219,200.05938720703125,201.1199951171875,356.96356201171875,298.958251953125,131.78341674804688,112.05999755859375,258.5315246582031,85.64228820800781,123.68253326416016,70.79977416992188,634.5831298828125,119.46299743652344,59.275978088378906,2025-05-21
200.9369354248047,454.11346435546875,255.2276153564453,199.4416961669922,203.10000610351562,356.6347961425781,292.7320556640625,132.81329345703125,110.70999908447266,258.16510009765625,84.63992309570312,124.63014221191406,70.10015106201172,635.6515502929688,118.7969970703125,60.600250244140625,2025-05-22
194.85975646972656,449.441162109375,255.48446655273438,198.57496643066406,200.99000549316406,352.2213439941406,291.6466369628906,131.2734832763672,110.30999755859375,258.2046813964844,83.71619415283203,124.44259643554688,70.72093963623047,626.1552734375,118.53900146484375,59.31550979614258,2025-05-23
199.78936767578125,459.93389892578125,260.0285339355469,202.7146453857422,206.02000427246094,357.9598388671875,291.08416748046875,135.48294067382812,114.55999755859375,262.7406921386719,84.0699691772461,127.54206848144531,70.73079681396484,641.3932495117188,121.15699768066406,62.092529296875,2025-05-27
199.99891662597656,456.609375,257.0748596191406,200.829345703125,204.72000122070312,358.3882751464844,294.15289306640625,134.7930450439453,112.86000061035156,260.9579772949219,83.11674499511719,125.864013671875,70.11001586914062,642.6514282226562,120.8550033569336,61.054847717285156,2025-05-28
199.5299072265625,457.9272155761719,255.5437469482422,200.94903564453125,205.6999969482422,361.04827880859375,294.2121276855469,139.17250061035156,113.02999877929688,261.8294982910156,84.11910247802734,126.50562286376953,70.44503784179688,644.1193237304688,118.48600006103516,60.71883773803711,2025-05-29
200.4280242919922,459.60443115234375,255.9092254638672,201.81689453125,205.00999450683594,363.8279113769531,297.9024658203125,135.11300659179688,110.7300033569336,261.46307373046875,83.87342071533203,126.37728881835938,71.04612731933594,646.5557861328125,120.7229995727539,59.87881851196289,2025-05-30
201.27622985839844,461.2118225097656,260.69036865234375,201.22833251953125,206.64999389648438,363.9573974609375,300.6751708984375,137.3627166748047,114.62999725341797,262.1167297363281,85.2197265625,126.74251556396484,70.94758605957031,669.9320678710938,121.89800262451172,61.25168228149414,2025-06-02
202.84292602539062,462.2101745605469,261.9745788574219,203.07374572753906,205.7100067138672,364.495361328125,297.22161865234375,141.2022247314453,117.30999755859375,263.71124267578125,86.3891372680664,127.0188980102539,70.119873046875,665.8878173828125,121.79399871826172,62.04754638671875,2025-06-03
202.39389038085938,463.1086730957031,262.2906494140625,203.43284606933594,207.22999572753906,366.6274108886719,296.3927917480469,141.9021453857422,118.58000183105469,261.68096923828125,84.46304321289062,126.50562286376953,70.32679748535156,686.9573974609375,123.96600341796875,62.44548034667969,2025-06-04
200.20849609375,466.91241455078125,263.6143798828125,203.6622772216797,207.91000366210938,365.4019775390625,291.91302490234375,139.97239685058594,115.69000244140625,259.43280029296875,83.87342071533203,128.93385314941406,69.87351989746094,683.6322021484375,125.052001953125,62.34599685668945,2025-06-05
203.49156188964844,469.6080017089844,265.5999450683594,205.7171630859375,213.57000732421875,368.839111328125,299.1950988769531,141.70216369628906,116.19000244140625,263.17645263671875,85.71107482910156,130.11837768554688,70.30708312988281,696.703369140625,124.14700317382812,62.47532272338867,2025-06-06
201.02676391601562,471.97412109375,268.7708740234375,204.85928344726562,216.97999572753906,365.2923889160156,299.1654968261719,142.612060546875,121.7300033569336,264.1767272949219,86.51688385009766,130.24668884277344,70.72093963623047,693.05859375,122.44599914550781,61.589927673339844,2025-06-09
202.2441864013672,470.1471252441406,272.8802795410156,204.01141357421875,217.61000061035156,369.3173522949219,299.75750732421875,143.94189453125,123.23999786376953,266.01885986328125,89.6025619506836,130.11837768554688,71.29246520996094,701.3865966796875,120.36199951171875,63.539791107177734,2025-06-10
198.36236572265625,471.8443298339844,278.0960693359375,203.5824737548828,213.1999969482422,371.9176025390625,306.4376525878906,142.8219451904297,121.13999938964844,265.57318115234375,91.73502349853516,130.10848999023438,71.01655578613281,693.1384887695312,121.98799896240234,62.783721923828125,2025-06-11
198.78147888183594,478.0840759277344,277.6120300292969,203.35304260253906,213.24000549316406,370.01470947265625,314.27227783203125,144.9918212890625,118.5,265.66229248046875,93.05184173583984,130.21707153320312,71.18407440185547,692.359619140625,121.50299835205078,62.47532272338867,2025-06-12
196.03726196289062,474.18048095703125,273.8483581542969,201.1984100341797,212.10000610351562,351.5339050292969,309.36822509765625,141.9619903564453,116.16000366210938,262.4039611816406,95.2825698852539,127.81845092773438,70.47947692871094,681.884765625,121.21499633789062,60.21706008911133,2025-06-13
198.0031280517578,478.3536376953125,278.40228271484375,202.9939422607422,216.10000610351562,354.15411376953125,305.7311706542969,144.6818389892578,126.38999938964844,267.7619323730469,93.35647583007812,129.21023559570312,69.98328399658203,701.6464233398438,122.53500366210938,61.579978942871094,2025-06-16
195.2289581298828,477.25543212890625,279.6074523925781,200.43032836914062,214.82000732421875,356.50531005859375,306.93359375,144.1118621826172,127.0999984741211,266.9300231933594,93.84782409667969,128.4106903076172,69.09014129638672,696.7597045898438,122.06700134277344,59.68980026245117,2025-06-17
196.16697692871094,479.4518127441406,279.7655029296875,200.31063842773438,212.52000427246094,339.1104431152344,305.2740783691406,145.47178649902344,126.79000091552734,271.3273620605469,92.17723846435547,130.80934143066406,68.68325805664062,695.3007202148438,122.22899627685547,59.20233154296875,2025-06-18
200.57769775390625,476.6164855957031,277.5527648925781,199.48269653320312,209.69000244140625,337.30718994140625,300.1166076660156,143.84188842773438,128.24000549316406,272.35736083984375,93.05184173583984,130.99688720703125,68.31607055664062,681.8897094726562,123.14099884033203,59.48088836669922,2025-06-20
201.07666015625,485.2023620605469,285.66290283203125,201.6872100830078,208.47000122070312,342.4678649902344,298.794921875,144.161865234375,129.5800018310547,275.5959167480469,90.1233901977539,132.27023315429688,69.20922088623047,698.0588989257812,125.35399627685547,60.46576690673828,2025-06-23
199.87918090820312,489.30560302734375,290.21685791015625,205.35804748535156,212.77000427246094,350.3184509277344,303.7039489746094,147.8916473388672,138.42999267578125,278.5572204589844,87.8435287475586,134.14569091796875,69.67564392089844,711.7196655273438,127.91100311279297,61.10245895385742,2025-06-24
201.13653564453125,491.4620666503906,287.52001953125,203.26327514648438,211.99000549316406,343.97222900390625,300.12652587890625,154.30130004882812,143.39999389648438,281.3302917480469,87.46028137207031,135.94219970703125,69.10005950927734,708.2020263671875,127.5250015258789,60.51551055908203,2025-06-25
200.57769775390625,496.6335754394531,288.37945556640625,205.77700805664062,217.1199951171875,344.7393493652344,300.7227783203125,155.01126098632812,143.67999267578125,285.9752502441406,89.31758117675781,137.9459991455078,68.94127655029297,725.6002807617188,130.66700744628906,62.216670989990234,2025-06-26
200.65753173828125,495.1260681152344,286.1766052246094,207.17352294921875,223.3000030517578,347.3097229003906,307.17205810546875,157.74110412597656,143.80999755859375,284.3509826660156,88.61003875732422,138.87388610839844,69.79473114013672,733.1351928710938,132.31199645996094,71.66755676269531,2025-06-27
204.7389373779297,496.5936584472656,291.1947937011719,208.82940673828125,219.38999938964844,353.7257080078125,310.01416015625,157.98109436035156,141.89999389648438,287.12408447265625,88.1874771118164,139.0416717529297,70.21153259277344,737.5922241210938,133.91299438476562,70.67272186279297,2025-06-30
207.3833770751953,491.242431640625,287.6583557128906,208.8194122314453,220.4600067138672,354.1441345214844,324.0953369140625,153.29136657714844,136.11000061035156,287.6192932128906,90.39855194091797,139.2489776611328,71.1245346069336,718.73486328125,129.36000061035156,73.03047180175781,2025-07-01
211.99366760253906,490.2840270996094,284.1515197753906,213.34814453125,219.9199981689453,352.8988037109375,305.6318054199219,157.2411346435547,138.52000427246094,289.19403076171875,92.80616760253906,141.01585388183594,70.37032318115234,713.0886840820312,128.48599243164062,75.99506378173828,2025-07-02
213.10134887695312,498.02130126953125,288.4189758300781,213.83689880371094,223.41000366210938,357.521484375,306.6155700683594,159.3310089111328,137.91000366210938,294.56787109375,92.05931091308594,142.27932739257812,70.80696868896484,718.5250244140625,129.71800231933594,75.99506378173828,2025-07-03
209.50889587402344,496.90313720703125,288.91290283203125,212.570068359375,223.47000122070312,355.3097839355469,301.8059387207031,158.2310791015625,134.8000030517578,290.557373046875,90.94886779785156,141.88450622558594,70.46955871582031,717.865478515625,128.96200561523438,76.13433837890625,2025-07-07
209.5687713623047,495.804931640625,286.8878173828125,211.2533416748047,219.36000061035156,353.2275695800781,305.77093505859375,159.99098205566406,137.82000732421875,281.4118347167969,94.1328125,139.30819702148438,69.70541381835938,720.1838989257812,127.53099822998047,73.53783416748047,2025-07-08
210.69639587402344,502.68365478515625,286.61126708984375,212.5201873779297,222.5399932861328,356.4256286621094,301.0109558105469,162.87081909179688,138.41000366210938,281.7900085449219,92.89460754394531,139.7227783203125,68.95120239257812,732.2857666015625,128.8280029296875,73.17969512939453,2025-07-09
211.96372985839844,500.656982421875,283.9342041015625,213.2184600830078,222.25999450683594,354.5526428222656,297.6322937011719,164.09075927734375,144.16000366210938,286.7956848144531,93.72007751464844,141.24288940429688,69.2389907836914,726.7494506835938,125.05899810791016,74.23421478271484,2025-07-10
210.7163543701172,502.49395751953125,280.1408996582031,213.12867736816406,225.02000427246094,346.63226318359375,302.1935119628906,164.91070556640625,146.4199981689453,285.4720764160156,93.95592498779297,140.44334411621094,69.3382339477539,717.0260620117188,124.51100158691406,72.25450134277344,2025-07-11
208.1816864013672,502.1944274902344,280.3384704589844,212.4403839111328,225.69000244140625,349.1926574707031,298.695556640625,164.06076049804688,146.24000549316406,287.30322265625,92.54083251953125,142.1115264892578,68.94127655029297,720.4337158203125,126.19499969482422,71.87646484375,2025-07-14
208.67066955566406,504.9898376464844,279.2617492675781,210.0862579345703,226.35000610351562,345.72564697265625,289.88116455078125,170.69036865234375,155.61000061035156,285.1636047363281,90.94886779785156,139.7622528076172,68.83211517333984,709.910888671875,126.0270004272461,71.61781311035156,2025-07-15
209.71847534179688,504.7901611328125,278.4912414550781,211.01394653320312,223.19000244140625,348.59490966796875,290.6562805175781,171.36033630371094,160.0800018310547,284.4371337890625,89.9268569946289,137.98548889160156,68.7427978515625,702.4358520507812,125.03099822998047,71.72724151611328,2025-07-16
209.57875061035156,510.8601989746094,278.5702209472656,212.1710662841797,223.8800048828125,348.5052490234375,286.2640075683594,172.99024963378906,160.41000366210938,288.4974060058594,91.20436096191406,139.08114624023438,70.05274963378906,700.9368896484375,127.41699981689453,72.60269927978516,2025-07-17
210.73631286621094,509.212890625,282.3931579589844,211.38302612304688,226.1300048828125,347.7480773925781,280.8779602050781,172.40028381347656,156.99000549316406,289.8607482910156,90.05461120605469,139.01206970214844,69.3183822631836,703.8049926757812,120.92400360107422,72.09532928466797,2025-07-18
212.0335693359375,509.2228698730469,281.24725341796875,209.3580780029297,229.3000030517578,349.63104248046875,280.3711853027344,171.37034606933594,157.0,289.5622253417969,89.4256820678711,138.65670776367188,69.53671264648438,712.4890747070312,123.3270034790039,73.63731384277344,2025-07-21
213.94955444335938,504.44073486328125,278.5307312011719,211.3630828857422,227.47000122070312,350.5475769042969,283.3424377441406,167.0205841064453,154.72000122070312,290.0199890136719,91.37142944335938,138.2322540283203,69.12983703613281,704.3345947265625,119.00800323486328,75.00023651123047,2025-07-22
213.7000732421875,505.0397644042969,278.58013916015625,213.84689331054688,228.2899932861328,353.96484375,290.6761779785156,170.77037048339844,158.64999389648438,295.32421875,93.39579010009766,140.37425231933594,68.6336441040039,713.0986938476562,117.6780014038086,76.35320281982422,2025-07-23
213.31088256835938,510.0415344238281,257.34161376953125,200.20089721679688,232.22999572753906,352.6497497558594,276.8334655761719,173.73020935058594,162.1199951171875,295.1152038574219,93.96575927734375,140.66050720214844,68.57408905029297,714.31787109375,118.07599639892578,75.03007507324219,2025-07-24
213.43064880371094,512.866943359375,256.56121826171875,196.71958923339844,231.44000244140625,355.70831298828125,279.2979431152344,173.49021911621094,166.47000122070312,297.1752014160156,93.30733489990234,141.16392517089844,68.64356231689453,712.1992797851562,118.04900360107422,75.87567901611328,2025-07-25
213.6002960205078,511.65887451171875,260.0087585449219,196.52008056640625,232.7899932861328,354.1441345214844,280.3512878417969,176.7400360107422,173.66000366210938,296.83685302734375,95.3415298461914,140.7197265625,67.57177734375,717.14599609375,117.45999908447266,78.83032989501953,2025-07-28
210.8261260986328,511.728759765625,259.218505859375,192.30059814453125,231.00999450683594,349.979736328125,259.4332580566406,175.50009155273438,177.44000244140625,295.6028747558594,96.29474639892578,141.70681762695312,68.85195922851562,699.52783203125,116.8740005493164,77.92503356933594,2025-07-29
208.6107940673828,512.3976440429688,257.09466552734375,190.16592407226562,230.19000244140625,349.6011657714844,264.3721008300781,179.25990295410156,179.50999450683594,298.1803283691406,94.9975814819336,143.06900024414062,68.22676086425781,694.7410888671875,118.41999816894531,76.2835693359375,2025-07-30
207.1339111328125,532.6243896484375,250.07110595703125,191.57241821289062,234.11000061035156,344.18145751953125,247.99542236328125,177.85997009277344,176.30999755859375,294.80670166015625,93.69058990478516,141.5979766845703,67.37329864501953,772.9183349609375,115.94000244140625,74.3038558959961,2025-07-31
201.95481872558594,523.2498168945312,247.00881958007812,186.4252471923828,214.75,338.0842590332031,236.2793426513672,173.710205078125,171.6999969482422,287.969970703125,91.15523529052734,138.24835205078125,68.33592224121094,749.504150390625,115.86000061035156,74.23421478271484,2025-08-01
202.9227752685547,534.7609252929688,248.91534423828125,186.52500915527344,211.64999389648438,340.8738098144531,239.46920776367188,179.98985290527344,176.77999877929688,292.8363037109375,91.24366760253906,140.50462341308594,68.4351577758789,775.8463745117188,117.0989990234375,74.43318176269531,2025-08-04
202.49366760253906,526.8838500976562,247.62127685546875,188.42027282714844,213.75,336.17144775390625,249.4263916015625,178.24993896484375,174.30999755859375,289.96026611328125,91.58761596679688,139.61007690429688,68.52447509765625,762.945068359375,114.78700256347656,73.99545288085938,2025-08-05
212.80197143554688,524.0784912109375,249.21170043945312,187.88162231445312,222.30999755859375,338.4728088378906,244.23912048339844,179.40988159179688,163.1199951171875,289.9403991699219,91.49917602539062,140.4449920654297,68.98097229003906,771.4692993164062,117.8479995727539,75.08977508544922,2025-08-06
219.56771850585938,519.9852294921875,247.11749267578125,187.44271850585938,223.1300048828125,330.8513488769531,243.13607788085938,180.7598114013672,172.39999389648438,285.5517272949219,90.99800109863281,140.06727600097656,69.89397430419922,761.316162109375,118.03700256347656,73.96560668945312,2025-08-07
228.86814880371094,521.1832275390625,240.94154357910156,190.9439697265625,222.69000244140625,335.52386474609375,249.3170928955078,182.689697265625,172.75999450683594,287.3629150390625,92.28533935546875,142.3135986328125,69.80464935302734,768.7811279296875,121.16400146484375,73.80644226074219,2025-08-08
226.95997619628906,520.9136962890625,235.0042724609375,191.43276977539062,221.3000030517578,334.64715576171875,250.7877960205078,182.0497283935547,172.27999877929688,288.1590270996094,91.91190338134766,143.00938415527344,70.21153259277344,765.3534545898438,121.83100128173828,73.63731384277344,2025-08-11
229.42758178710938,528.3713989257812,233.482666015625,192.43028259277344,221.47000122070312,336.0743103027344,259.9301452636719,183.14967346191406,174.9499969482422,291.4331359863281,92.95356750488281,146.3987274169922,70.17183685302734,789.4671630859375,122.52799987792969,74.51277160644531,2025-08-12
233.10403442382812,519.7256469726562,238.7536163330078,193.91656494140625,224.55999755859375,341.8728332519531,270.1059265136719,181.5797576904297,184.4199981689453,289.1243591308594,94.22124481201172,146.8658905029297,69.92374420166016,779.5538940429688,120.44400024414062,76.80087280273438,2025-08-13
232.5545654296875,521.6224975585938,235.80982971191406,190.7404022216797,230.97999572753906,344.8070068359375,269.7879333496094,182.00973510742188,180.9499969482422,292.7367858886719,93.99523162841797,147.61135864257812,69.02067565917969,781.6024780273438,123.05599975585938,75.99506378173828,2025-08-14
231.36570739746094,519.3162841796875,238.405517578125,188.93258666992188,231.02999877929688,343.7890319824219,302.10406494140625,180.4398193359375,177.50999450683594,289.08453369140625,93.68077087402344,143.7548370361328,69.38784790039062,784.7003784179688,123.8949966430664,76.57206726074219,2025-08-15
230.66639709472656,516.2512817382812,238.13699340820312,189.581787109375,231.49000549316406,342.06243896484375,306.55596923828125,181.99972534179688,176.13999938964844,290.1195068359375,93.13582611083984,143.9039306640625,68.60386657714844,766.8524169921875,124.50900268554688,77.0296859741211,2025-08-18
230.3367156982422,508.933349609375,239.95697021484375,192.44833374023438,228.00999450683594,341.7730407714844,302.3326110839844,175.63009643554688,166.5500030517578,289.25372314453125,92.89803314208984,143.19822692871094,69.59625244140625,750.97314453125,121.41500091552734,76.48252868652344,2025-08-19
225.79110717773438,504.8900146484375,241.22000122070312,192.61814880371094,223.80999755859375,343.2500915527344,297.960205078125,175.39010620117188,165.1999969482422,290.8260803222656,94.01763916015625,143.24790954589844,70.16191101074219,747.2156372070312,121.38600158691406,75.86573791503906,2025-08-20
224.68218994140625,504.239990234375,238.08726501464844,191.17987060546875,221.9499969482422,343.0105895996094,301.4482116699219,174.97012329101562,163.7100067138672,290.059814453125,93.90865325927734,143.16839599609375,70.12222290039062,738.6014404296875,120.62100219726562,75.78614807128906,2025-08-21
227.53941345214844,507.2300109863281,240.7625274658203,195.50466918945312,228.83999633789062,349.3480224609375,305.4927062988281,177.97996520996094,167.75999450683594,294.80670166015625,95.89026641845703,147.12432861328125,69.59625244140625,754.2808837890625,120.46499633789062,77.97477722167969,2025-08-22
226.94000244140625,504.260009765625,238.1171112060547,193.0775909423828,227.94000244140625,348.13043212890625,302.94873046875,179.79986572265625,163.36000061035156,293.47320556640625,97.27739715576172,146.75656127929688,68.40538787841797,752.7918701171875,121.80699920654297,78.76068878173828,2025-08-25
229.08792114257812,502.0400085449219,241.29957580566406,195.1051483154297,228.7100067138672,350.4857482910156,298.5465087890625,181.75975036621094,166.6199951171875,297.1254577636719,96.15779113769531,148.06857299804688,68.20691680908203,753.5913696289062,122.60900115966797,78.2433853149414,2025-08-26
230.26678466796875,506.739990234375,243.4974365234375,195.08517456054688,229.1199951171875,349.65740966796875,301.9748840332031,181.5897674560547,167.1300048828125,297.8320007324219,96.99996948242188,148.47608947753906,68.30615234375,746.8759155273438,122.3499984741211,77.65642547607422,2025-08-27
232.33477783203125,509.6400146484375,244.382568359375,194.94532775878906,231.60000610351562,349.1683654785156,300.39483642578125,180.1598358154297,168.5800018310547,299.6133728027344,97.54491424560547,149.271240234375,67.83972930908203,750.6033935546875,123.1449966430664,77.51715087890625,2025-08-28
231.91517639160156,506.69000244140625,242.1548614501953,193.26736450195312,229.0,351.0845947265625,307.92730712890625,174.170166015625,162.6300048828125,299.961669921875,98.06013488769531,149.56942749023438,68.46492767333984,738.2017822265625,120.82499694824219,76.97000122070312,2025-08-29
229.49752807617188,505.1199951171875,240.17576599121094,192.38841247558594,225.33999633789062,349.3779602050781,306.864013671875,170.77037048339844,162.32000732421875,298.25,98.07994842529297,147.94931030273438,68.53439331054688,734.6141357421875,121.41100311279297,74.29000091552734,2025-09-02
238.2390594482422,505.3500061035156,242.76150512695312,191.0200653076172,225.99000549316406,350.1763916015625,305.9497985839844,170.61038208007812,162.1300048828125,298.0609130859375,93.77984619140625,147.63124084472656,68.46492767333984,736.5528564453125,122.61799621582031,74.73999786376953,2025-09-03
239.5477752685547,507.9700012207031,245.82461547851562,193.54701232910156,235.67999267578125,350.296142578125,308.43414306640625,171.65032958984375,161.7899932861328,302.3500671386719,94.8895492553711,149.61912536621094,67.73056030273438,748.1450805664062,125.74800109863281,75.3499984741211,2025-09-04
239.45787048339844,495.0,247.16720581054688,192.94773864746094,232.3300018310547,342.54150390625,313.4127197265625,167.01058959960938,151.13999938964844,292.9557189941406,92.09547424316406,147.1938934326172,67.4427719116211,751.9425048828125,124.38200378417969,73.91000366210938,2025-09-05
237.64962768554688,498.20001220703125,254.68576049804688,190.700439453125,235.83999633789062,341.6233215332031,318.24224853515625,168.30050659179688,151.41000366210938,291.4928283691406,90.55973052978516,147.8896484375,66.91680145263672,751.7925415039062,124.47599792480469,74.1500015258789,2025-09-08
234.123046875,498.4100036621094,257.6891784667969,189.8314971923828,238.24000549316406,343.3099670410156,345.7388000488281,170.7503662109375,155.82000732421875,296.408935546875,91.01549530029297,151.2989044189453,67.3435287475586,765.1835327148438,126.32499694824219,73.5999984741211,2025-09-09
226.5703582763672,500.3699951171875,255.471435546875,189.362060546875,230.3300018310547,337.4515686035156,344.6059265136719,177.32000732421875,159.5399932861328,299.0859375,93.452880859375,153.18740844726562,67.3038330078125,751.4727783203125,124.77100372314453,74.25,2025-09-10
229.80722045898438,501.010009765625,255.60072326660156,191.94894409179688,229.9499969482422,342.81097412109375,351.3930969238281,177.1699981689453,155.6699981689453,304.0816345214844,93.2646255493164,155.5331268310547,67.10536193847656,750.3935546875,120.3499984741211,74.33000183105469,2025-09-11
233.84332275390625,509.8999938964844,252.05029296875,188.59298706054688,228.14999389648438,338.7590026855469,350.3000183105469,177.82000732421875,158.57000732421875,305.42510986328125,91.58026123046875,155.4436798095703,66.5,755.0803833007812,118.84400177001953,73.0,2025-09-12
236.47076416015625,515.3599853515625,254.83493041992188,188.11355590820312,231.42999267578125,338.3797302246094,347.8900146484375,177.75,161.16000366210938,307.40545654296875,91.4811782836914,155.69215393066406,66.20999908447266,764.1842041015625,120.22599792480469,73.02999877929688,2025-09-15
237.9193572998047,509.0400085449219,256.10791015625,187.42437744140625,234.0500030517578,339.3578186035156,339.7799987792969,174.8800048828125,160.4600067138672,307.6940612792969,93.67086029052734,154.8671875,66.23999786376953,778.4745483398438,120.0510025024414,72.75,2025-09-16
238.75856018066406,510.0199890136719,257.65936279296875,185.42678833007812,231.6199951171875,345.515625,341.6099853515625,170.2899932861328,159.16000366210938,310.2416687011719,92.95748138427734,156.45750427246094,67.04000091552734,775.19677734375,122.8499984741211,72.30999755859375,2025-09-17
237.64962768554688,508.45001220703125,263.5469055175781,190.14111328125,231.22999572753906,337.511474609375,334.82000732421875,176.24000549316406,157.9199981689453,311.71453857421875,92.62060546875,158.27642822265625,66.45999908447266,779.7237548828125,120.77799987792969,72.0999984741211,2025-09-18
245.26223754882812,517.9299926757812,264.939208984375,188.47312927246094,231.47999572753906,340.9346618652344,336.69000244140625,176.6699981689453,157.38999938964844,313.25701904296875,91.07494354248047,158.9423828125,66.43000030517578,777.85498046875,122.6969985961914,70.88999938964844,2025-09-19
255.8319854736328,514.4500122070312,269.8819580078125,197.7220001220703,227.6300048828125,343.6792297363281,341.29998779296875,183.61000061035156,159.7899932861328,310.9283447265625,91.16412353515625,159.73753356933594,66.20999908447266,765.1599731445312,122.73699951171875,71.27999877929688,2025-09-22
254.18359375,509.2300109863281,270.7471923828125,194.27613830566406,220.7100067138672,338.03045654296875,347.69000244140625,178.42999267578125,160.89999389648438,311.22686767578125,92.6106948852539,159.7872314453125,66.70999908447266,755.4000244140625,121.84700012207031,70.93000030517578,2025-09-23
252.06564331054688,510.1499938964844,266.0630187988281,192.0787811279297,220.2100067138672,338.0104675292969,351.80999755859375,176.97000122070312,160.8800048828125,311.90362548828125,94.75083923339844,156.92466735839844,66.44999694824219,760.6599731445312,120.3949966430664,71.22000122070312,2025-09-24
256.6212158203125,507.0299987792969,279.8967590332031,194.2861328125,218.14999389648438,334.26788330078125,345.55999755859375,177.69000244140625,161.27000427246094,311.9334716796875,95.91999053955078,157.98817443847656,65.9800033569336,748.9099731445312,120.8239974975586,69.23999786376953,2025-09-25
255.2126007080078,511.4599914550781,282.7510070800781,196.4335479736328,219.77999877929688,336.70306396484375,344.0799865722656,178.19000244140625,159.4600067138672,314.53082275390625,97.57463836669922,159.1411590576172,65.66999816894531,743.75,121.06099700927734,69.30999755859375,2025-09-26
254.18359375,514.5999755859375,278.2657470703125,197.3424530029297,222.1699981689453,339.487548828125,345.17999267578125,181.85000610351562,161.36000061035156,314.1626281738281,94.96881866455078,160.184814453125,66.04000091552734,743.4000244140625,120.64099884033203,69.55000305175781,2025-09-29
254.38340759277344,517.9500122070312,280.6128234863281,200.22897338867188,219.57000732421875,340.70513916015625,345.29998779296875,186.5800018310547,161.7899932861328,313.90386962890625,93.72039794921875,157.9981231689453,66.31999969482422,734.3800048828125,119.89199829101562,69.7300033569336,2025-09-30
255.20260620117188,519.7100219726562,284.9190673828125,198.32127380371094,220.6300048828125,347.1423645019531,348.29998779296875,187.24000549316406,164.00999450683594,309.2066955566406,94.5823974609375,155.94064331054688,66.77999877929688,717.3400268554688,117.08999633789062,74.19999694824219,2025-10-01
256.8809814453125,515.739990234375,285.1477966308594,197.63209533691406,222.41000366210938,345.26611328125,353.7200012207031,188.88999938964844,169.72999572753906,306.0619812011719,92.52152252197266,154.3602752685547,66.0999984741211,727.0499877929688,116.25299835205078,74.56999969482422,2025-10-02
257.7701110839844,517.3499755859375,286.78875732421875,199.83944702148438,219.50999450683594,349.1484069824219,360.20001220703125,187.6199951171875,164.6699981689453,308.5299987792969,93.29435729980469,156.63641357421875,66.6500015258789,710.5599975585938,115.33200073242188,71.93000030517578,2025-10-03
256.44140625,528.5700073242188,287.8330078125,201.0380096435547,220.89999389648438,348.58953857421875,358.7699890136719,185.5399932861328,203.7100067138672,309.17999267578125,94.03746032714844,157.1333770751953,66.0999984741211,715.6599731445312,116.33100128173828,71.16999816894531,2025-10-06
256.23162841796875,523.97998046875,292.25860595703125,197.56219482421875,221.77999877929688,351.72332763671875,363.6600036621094,185.0399932861328,211.50999450683594,307.69000244140625,94.35452270507812,155.02621459960938,66.79000091552734,713.0800170898438,119.10600280761719,68.91000366210938,2025-10-07
257.8100891113281,524.8499755859375,287.8727722167969,199.2301788330078,225.22000122070312,350.6654052734375,369.9200134277344,189.11000061035156,235.55999755859375,304.0299987792969,92.88812255859375,154.70814514160156,66.12000274658203,717.8400268554688,121.42500305175781,69.08999633789062,2025-10-08
253.79396057128906,522.4000244140625,286.6495361328125,195.3848114013672,227.74000549316406,346.3539733886719,367.69000244140625,192.57000732421875,232.88999938964844,305.5299987792969,91.10466766357422,155.32440185546875,66.37000274658203,733.510009765625,123.10700225830078,68.05999755859375,2025-10-09
245.032470703125,510.9599914550781,276.2966003417969,190.80032348632812,216.3699951171875,342.97064208984375,354.5,183.16000366210938,214.89999389648438,300.8900146484375,86.83428955078125,150.9410858154297,67.04000091552734,705.2999877929688,122.00800323486328,65.22000122070312,2025-10-10
247.42015075683594,514.0499877929688,275.69989013671875,193.3072967529297,220.07000732421875,342.621337890625,358.6600036621094,188.32000732421875,216.4199981689453,307.9700012207031,87.96381378173828,154.19129943847656,66.80000305175781,715.7000122070312,121.90299987792969,67.37999725341797,2025-10-13
247.53004455566406,513.5700073242188,274.6357421875,195.7643585205078,216.38999938964844,347.6913146972656,359.92999267578125,180.02999877929688,218.08999633789062,302.0799865722656,87.35942077636719,154.4000244140625,67.51000213623047,708.6500244140625,121.53500366210938,67.63999938964844,2025-10-14
249.09852600097656,513.4299926757812,279.2105407714844,196.89300537109375,215.57000732421875,345.0066223144531,361.1499938964844,179.8300018310547,238.60000610351562,305.69000244140625,86.9333724975586,161.66578674316406,67.08000183105469,717.5499877929688,120.3290023803711,68.45999908447266,2025-10-15
247.21035766601562,511.6099853515625,274.4567565917969,193.37722778320312,214.47000122070312,334.7369689941406,356.6700134277344,181.80999755859375,234.55999755859375,298.5400085449219,86.11100769042969,159.0517120361328,67.58999633789062,712.0700073242188,118.35900115966797,66.83999633789062,2025-10-16
252.045654296875,513.5800170898438,279.7376403808594,193.91656494140625,213.0399932861328,341.2141418457031,356.6000061035156,183.22000122070312,233.0800018310547,297.55999755859375,85.6849594116211,157.70986938476562,68.44000244140625,716.9199829101562,119.93599700927734,67.37000274658203,2025-10-17
261.98602294921875,516.7899780273438,282.0946350097656,195.8842010498047,216.47999572753906,343.7291564941406,364.4800109863281,182.63999938964844,240.55999755859375,302.3599853515625,86.2596206665039,160.9899139404297,68.44000244140625,732.1699829101562,123.85600280761719,67.62000274658203,2025-10-20
262.5155029296875,517.6599731445312,280.5033874511719,197.76194763183594,222.02999877929688,346.52362060546875,365.3699951171875,181.16000366210938,238.02999877929688,297.0899963378906,85.61560821533203,158.2664794921875,71.22000122070312,733.27001953125,124.13500213623047,68.36000061035156,2025-10-21
258.19970703125,520.5399780273438,285.9334716796875,193.1974334716797,217.9499969482422,344.67724609375,361.489990234375,180.27999877929688,230.22999572753906,294.1099853515625,86.60641479492188,157.1632080078125,70.80999755859375,733.4099731445312,111.63700103759766,69.08000183105469,2025-10-22
259.3285827636719,520.5599975585938,283.4372253417969,196.7132110595703,221.08999633789062,345.2760925292969,360.45001220703125,182.16000366210938,234.99000549316406,294.5400085449219,89.25186157226562,158.34600830078125,69.94000244140625,734.0,111.35900115966797,69.68000030517578,2025-10-23
262.56549072265625,523.6099853515625,305.7740783691406,197.39239501953125,224.2100067138672,346.69329833984375,362.5,186.25999450683594,252.9199981689453,300.44000244140625,87.22071075439453,162.86846923828125,69.70999908447266,738.3599853515625,109.46900177001953,69.11000061035156,2025-10-24
268.5496520996094,531.52001953125,311.3731994628906,200.09913635253906,226.97000122070312,347.1324157714844,365.9800109863281,191.49000549316406,259.6700134277344,304.1499938964844,87.87464141845703,165.01541137695312,70.05999755859375,750.8200073242188,109.45600128173828,68.58999633789062,2025-10-27
268.7394714355469,542.0700073242188,310.8560791015625,197.75196838378906,229.25,346.2142333984375,367.8399963378906,201.02999877929688,258.010009765625,305.3599853515625,85.99211120605469,164.21031188964844,70.16000366210938,751.4400024414062,110.25,67.43000030517578,2025-10-28
269.4388122558594,541.5499877929688,306.51995849609375,201.30767822265625,230.3000030517578,340.6053466796875,355.260009765625,207.0399932861328,264.3299865722656,305.510009765625,87.27024841308594,163.03744506835938,68.3499984741211,751.6699829101562,110.04100036621094,65.3499984741211,2025-10-29
271.13714599609375,525.760009765625,308.3598327636719,202.89576721191406,222.86000061035156,344.3479309082031,344.75,202.88999938964844,254.83999633789062,309.44000244140625,87.32969665527344,164.25999450683594,68.9800033569336,666.469970703125,108.9000015258789,64.9000015258789,2025-10-30
270.108154296875,517.8099975585938,305.724365234375,204.1942138671875,244.22000122070312,340.06640625,341.55999755859375,202.49000549316406,256.1199951171875,311.1199951171875,88.04307556152344,164.0,68.9000015258789,648.3499755859375,111.88600158691406,64.58999633789062,2025-10-31
268.7894287109375,517.030029296875,303.0590515136719,204.6736297607422,254.0,336.2340087890625,333.7900085449219,206.8800048828125,259.6499938964844,309.3500061035156,87.75574493408203,163.64999389648438,67.97000122070312,637.7100219726562,110.00900268554688,62.650001525878906,2025-11-03
269.7784729003906,514.3300170898438,299.2003173828125,204.2141876220703,249.32000732421875,339.62725830078125,330.8299865722656,198.69000244140625,250.0500030517578,309.25,87.10181427001953,164.00999450683594,68.66000366210938,627.3200073242188,109.2959976196289,61.22999954223633,2025-11-04
269.8783874511719,507.1600036621094,305.0878601074219,205.77230834960938,250.1999969482422,339.3677978515625,327.739990234375,195.2100067138672,256.3299865722656,311.67999267578125,86.89373779296875,165.17999267578125,68.51000213623047,635.9500122070312,109.84600067138672,62.11000061035156,2025-11-05
269.50872802734375,497.1000061035156,310.7068786621094,203.52500915527344,243.0399932861328,336.29388427734375,321.55999755859375,188.0800018310547,237.6999969482422,313.4200134277344,84.87249755859375,163.4199981689453,69.05999755859375,618.9400024414062,109.7020034790039,61.88999938964844,2025-11-06
268.2099914550781,496.82000732421875,304.70001220703125,206.06195068359375,244.41000366210938,335.3557434082031,324.2099914550781,188.14999389648438,233.5399932861328,314.2099914550781,86.03174591064453,162.36000061035156,70.55000305175781,621.7100219726562,110.36599731445312,61.09000015258789,2025-11-07
269.42999267578125,506.0,309.1300048828125,209.7475128173828,248.39999389648438,334.18804931640625,321.5799865722656,199.0500030517578,243.97999572753906,316.8900146484375,87.41887664794922,165.0500030517578,70.5199966430664,631.760009765625,112.00700378417969,60.79999923706055,2025-11-10
275.25,508.67999267578125,313.7200012207031,207.69000244140625,249.10000610351562,338.2500305175781,327.45001220703125,193.16000366210938,237.52000427246094,315.6199951171875,89.85625457763672,166.5,71.61000061035156,627.0800170898438,113.64399719238281,63.150001525878906,2025-11-11
273.4700012207031,511.1400146484375,314.9800109863281,209.64999389648438,244.1999969482422,338.8800048828125,339.05999755859375,193.8000030517578,258.8900146484375,320.4100036621094,88.25114440917969,169.9199981689453,71.51000213623047,609.010009765625,115.75,64.19999694824219,2025-11-12
272.95001220703125,503.2900085449219,304.8599853515625,204.27000427246094,237.5800018310547,336.0799865722656,332.5199890136719,186.86000061035156,247.9600067138672,309.4800109863281,88.59793090820312,165.61000061035156,71.06999969482422,609.8900146484375,115.4229965209961,66.02999877929688,2025-11-13
272.4100036621094,510.17999267578125,305.69000244140625,203.9199981689453,234.69000244140625,330.0199890136719,321.8599853515625,190.1699981689453,246.80999755859375,303.6099853515625,90.5300064086914,163.86000061035156,71.16000366210938,609.4600219726562,111.21700286865234,64.16999816894531,2025-11-14
267.4599914550781,507.489990234375,297.1700134277344,199.5800018310547,232.8699951171875,325.75,320.5199890136719,186.60000610351562,240.52000427246094,300.3699951171875,88.72000122070312,159.4499969482422,70.68000030517578,602.010009765625,110.29000091552734,62.900001525878906,2025-11-17
267.44000244140625,493.7900085449219,289.95001220703125,197.61000061035156,222.5500030517578,321.17999267578125,313.5799865722656,181.36000061035156,230.2899932861328,299.4100036621094,89.68000030517578,159.8300018310547,71.22000122070312,597.6900024414062,114.08999633789062,62.4900016784668,2025-11-18
